{
  "Top": "lab3_z1",
  "RtlTop": "lab3_z1",
  "RtlPrefix": "",
  "RtlSubPrefix": "lab3_z1_",
  "SourceLanguage": "c",
  "HostMachineBits": "64",
  "FunctionProtocol": "ap_ctrl_chain",
  "ResetStyle": "control",
  "Target": {
    "Family": "aartix7",
    "Device": "xa7a12t",
    "Package": "-csg325",
    "Speed": "-1Q",
    "Triple": "fpga64-xilinx-none"
  },
  "Args": {
    "inA": {
      "index": "0",
      "direction": "in",
      "srcType": "short",
      "srcSize": "16",
      "hwRefs": [
        {
          "type": "port",
          "interface": "inA",
          "name": "inA",
          "usage": "data",
          "direction": "in"
        },
        {
          "type": "port",
          "interface": "inA_ap_vld",
          "name": "inA_ap_vld",
          "usage": "control",
          "direction": "in"
        },
        {
          "type": "port",
          "interface": "inA_ap_ack",
          "name": "inA_ap_ack",
          "usage": "control",
          "direction": "out"
        }
      ]
    },
    "inB": {
      "index": "1",
      "direction": "in",
      "srcType": "short",
      "srcSize": "16",
      "hwRefs": [
        {
          "type": "port",
          "interface": "inB",
          "name": "inB",
          "usage": "data",
          "direction": "in"
        },
        {
          "type": "port",
          "interface": "inB_ap_vld",
          "name": "inB_ap_vld",
          "usage": "control",
          "direction": "in"
        },
        {
          "type": "port",
          "interface": "inB_ap_ack",
          "name": "inB_ap_ack",
          "usage": "control",
          "direction": "out"
        }
      ]
    },
    "inC": {
      "index": "2",
      "direction": "in",
      "srcType": "short*",
      "srcSize": "16",
      "hwRefs": [
        {
          "type": "port",
          "interface": "inC",
          "name": "inC",
          "usage": "data",
          "direction": "in"
        },
        {
          "type": "port",
          "interface": "inC_ap_vld",
          "name": "inC_ap_vld",
          "usage": "control",
          "direction": "in"
        },
        {
          "type": "port",
          "interface": "inC_ap_ack",
          "name": "inC_ap_ack",
          "usage": "control",
          "direction": "out"
        }
      ]
    },
    "res": {
      "index": "3",
      "direction": "out",
      "srcType": "int*",
      "srcSize": "32",
      "hwRefs": [
        {
          "type": "port",
          "interface": "res",
          "name": "res",
          "usage": "data",
          "direction": "out"
        },
        {
          "type": "port",
          "interface": "res_ap_vld",
          "name": "res_ap_vld",
          "usage": "control",
          "direction": "out"
        },
        {
          "type": "port",
          "interface": "res_ap_ack",
          "name": "res_ap_ack",
          "usage": "control",
          "direction": "in"
        }
      ]
    }
  },
  "ReturnValue": {
    "srcType": "int",
    "srcSize": "32",
    "hwRefs": [{
        "type": "port",
        "interface": "ap_return",
        "name": "ap_return",
        "usage": "data",
        "direction": "out"
      }]
  },
  "HlsSolution": {
    "FlowTarget": "vivado",
    "DirectiveTcl": [
      "set_directive_interface lab3_z1 -mode ap_hs -port res",
      "set_directive_interface lab3_z1 -mode ap_hs -port inB",
      "set_directive_interface lab3_z1 -mode ap_hs -port inA",
      "set_directive_interface lab3_z1 -mode ap_hs -port inC",
      "set_directive_interface lab3_z1 -mode ap_ctrl_chain -port return",
      "set_directive_top lab3_z1 -name lab3_z1"
    ],
    "ProfileOption": "0",
    "ProfileType": "none",
    "KernelName": "lab3_z1"
  },
  "ClockInfo": {
    "ClockName": "ap_clk",
    "ClockPeriod": "8",
    "Uncertainty": "1",
    "IsCombinational": "0",
    "II": "5",
    "Latency": "4"
  },
  "Xdc": {"OocClocks": ["create_clock -name ap_clk -period 8.000 [get_ports ap_clk]"]},
  "Ipx": {
    "Vendor": "xilinx.com",
    "Library": "hls",
    "Name": "lab3_z1",
    "Version": "1.0",
    "DisplayName": "Lab3_z1",
    "Revision": "",
    "Description": "An IP generated by Vitis HLS",
    "Taxonomy": "\/VITIS_HLS_IP",
    "AutoFamilySupport": "",
    "ZipFile": "xilinx_com_hls_lab3_z1_1_0.zip"
  },
  "Files": {
    "CSource": ["..\/..\/source\/lab3_z1.c"],
    "Vhdl": [
      "impl\/vhdl\/lab3_z1_mul_mul_16s_16s_32_4_1.vhd",
      "impl\/vhdl\/lab3_z1_regslice_forward.vhd",
      "impl\/vhdl\/lab3_z1.vhd"
    ],
    "Verilog": [
      "impl\/verilog\/lab3_z1_mul_mul_16s_16s_32_4_1.v",
      "impl\/verilog\/lab3_z1_regslice_forward.v",
      "impl\/verilog\/lab3_z1.v"
    ],
    "IpMisc": ["impl\/misc\/logo.png"],
    "CsynthXml": "syn\/report\/csynth.xml",
    "DebugDir": ".debug",
    "KernelXml": ".autopilot\/db\/kernel.internal.xml",
    "Xo": "",
    "XoHlsDir": "",
    "ProtoInst": [".debug\/lab3_z1.protoinst"]
  },
  "SubcoreInfo": {
    "HasXpmMemory": false,
    "HasClockedDsp": false,
    "Ip": []
  },
  "Interfaces": {
    "ap_clk": {
      "type": "clock",
      "busTypeName": "clock",
      "mode": "slave",
      "busParams": {"ASSOCIATED_RESET": "ap_rst"},
      "portMap": {"ap_clk": "CLK"},
      "ports": ["ap_clk"]
    },
    "ap_rst": {
      "type": "reset",
      "busTypeName": "reset",
      "mode": "slave",
      "busParams": {"POLARITY": "ACTIVE_HIGH"},
      "portMap": {"ap_rst": "RST"},
      "ports": ["ap_rst"]
    },
    "ap_ctrl": {
      "type": "ap_ctrl",
      "busTypeName": "acc_handshake",
      "mode": "slave",
      "portMap": {
        "ap_start": "start",
        "ap_done": "done",
        "ap_continue": "continue",
        "ap_idle": "idle",
        "ap_ready": "ready"
      },
      "ports": [
        "ap_continue",
        "ap_done",
        "ap_idle",
        "ap_ready",
        "ap_start"
      ]
    },
    "ap_return": {
      "type": "data",
      "busTypeName": "data",
      "protocol": "ap_ctrl_chain",
      "mode": "master",
      "dataWidth": "32",
      "portMap": {"ap_return": "DATA"},
      "ports": ["ap_return"]
    },
    "inA": {
      "type": "data",
      "busTypeName": "data",
      "protocol": "ap_hs",
      "mode": "slave",
      "dataWidth": "16",
      "portMap": {"inA": "DATA"},
      "ports": ["inA"],
      "constraints": [{
          "constraint_type": "pragma interface",
          "mode": "ap_hs",
          "register_option": "0",
          "argName": "inA"
        }]
    },
    "inB": {
      "type": "data",
      "busTypeName": "data",
      "protocol": "ap_hs",
      "mode": "slave",
      "dataWidth": "16",
      "portMap": {"inB": "DATA"},
      "ports": ["inB"],
      "constraints": [{
          "constraint_type": "pragma interface",
          "mode": "ap_hs",
          "register_option": "0",
          "argName": "inB"
        }]
    },
    "inC": {
      "type": "data",
      "busTypeName": "data",
      "protocol": "ap_hs",
      "mode": "slave",
      "dataWidth": "16",
      "portMap": {"inC": "DATA"},
      "ports": ["inC"],
      "constraints": [{
          "constraint_type": "pragma interface",
          "mode": "ap_hs",
          "register_option": "0",
          "argName": "inC"
        }]
    },
    "res": {
      "type": "data",
      "busTypeName": "data",
      "protocol": "ap_hs",
      "mode": "master",
      "dataWidth": "32",
      "portMap": {"res": "DATA"},
      "ports": ["res"],
      "constraints": [{
          "constraint_type": "pragma interface",
          "mode": "ap_hs",
          "register_option": "0",
          "argName": "res"
        }]
    }
  },
  "RtlPorts": {
    "ap_local_block": {
      "dir": "out",
      "width": "1",
      "isVector": "true"
    },
    "ap_local_deadlock": {
      "dir": "out",
      "width": "1",
      "isVector": "true"
    },
    "ap_clk": {
      "dir": "in",
      "width": "1"
    },
    "ap_rst": {
      "dir": "in",
      "width": "1"
    },
    "ap_start": {
      "dir": "in",
      "width": "1"
    },
    "ap_done": {
      "dir": "out",
      "width": "1"
    },
    "ap_continue": {
      "dir": "in",
      "width": "1"
    },
    "ap_idle": {
      "dir": "out",
      "width": "1"
    },
    "ap_ready": {
      "dir": "out",
      "width": "1"
    },
    "ap_return": {
      "dir": "out",
      "width": "32"
    },
    "inA": {
      "dir": "in",
      "width": "16"
    },
    "inA_ap_vld": {
      "dir": "in",
      "width": "1"
    },
    "inA_ap_ack": {
      "dir": "out",
      "width": "1"
    },
    "inB": {
      "dir": "in",
      "width": "16"
    },
    "inB_ap_vld": {
      "dir": "in",
      "width": "1"
    },
    "inB_ap_ack": {
      "dir": "out",
      "width": "1"
    },
    "inC": {
      "dir": "in",
      "width": "16"
    },
    "inC_ap_vld": {
      "dir": "in",
      "width": "1"
    },
    "inC_ap_ack": {
      "dir": "out",
      "width": "1"
    },
    "res": {
      "dir": "out",
      "width": "32"
    },
    "res_ap_vld": {
      "dir": "out",
      "width": "1"
    },
    "res_ap_ack": {
      "dir": "in",
      "width": "1"
    }
  },
  "ModuleInfo": {
    "Hierarchy": {"ModuleName": "lab3_z1"},
    "Info": {"lab3_z1": {
        "FunctionProtocol": "ap_ctrl_chain",
        "isTaskLevelControl": "0",
        "isPipelined": "0",
        "isCombinational": "0",
        "isOneStateSeq": "0"
      }},
    "Metrics": {"lab3_z1": {
        "Latency": {
          "LatencyBest": "4",
          "LatencyAvg": "4",
          "LatencyWorst": "4",
          "PipelineII": "5",
          "PipelineDepth": "",
          "PipelineType": "no"
        },
        "Timing": {
          "Target": "8.00",
          "Uncertainty": "1.00",
          "Estimate": "2.702"
        },
        "Area": {
          "DSP": "1",
          "AVAIL_DSP": "40",
          "UTIL_DSP": "2",
          "FF": "54",
          "AVAIL_FF": "16000",
          "UTIL_FF": "~0",
          "LUT": "113",
          "AVAIL_LUT": "8000",
          "UTIL_LUT": "1",
          "BRAM_18K": "0",
          "AVAIL_BRAM": "40",
          "UTIL_BRAM": "0",
          "URAM": "0",
          "AVAIL_URAM": "0",
          "UTIL_URAM": "0"
        }
      }}
  },
  "GenerateBdFiles": "0",
  "GenData": {
    "DataVersion": "0.2",
    "Time": "2022-10-29 02:08:25 +0300",
    "ToolName": "vitis_hls",
    "ToolVersion": "2021.2"
  }
}
