<profile>

<section name = "Vitis HLS Report for 'lab2_z0'" level="0">
<item name = "Date">Tue Oct 18 01:21:55 2022
</item>
<item name = "Version">2021.2 (Build 3367213 on Tue Oct 19 02:48:09 MDT 2021)</item>
<item name = "Project">lab2_z0_ex</item>
<item name = "Solution">ex_sol6 (Vivado IP Flow Target)</item>
<item name = "Product family">artix7</item>
<item name = "Target device">xa7a12t-csg325-1Q</item>
</section>

<section name = "Performance Estimates" level="0">
<item name = "Timing">
<section name = "" level="1">
<item name = "Summary"><table name="" hasTotal="0">
<keys size="4">Clock, Target, Estimated, Uncertainty</keys>
<column name="clk">10.00 ns, 6.450 ns, 1.00 ns</column>
</table>
</item>
</section>
</item>
<item name = "Latency">
<section name = "" level="1">
<item name = "Summary"><table name="" hasTotal="0">
<keys size="8">, min, max, min, max, min, max, Type</keys>
<column name="">7, 7, 70.000 ns, 70.000 ns, 8, 8, no</column>
</table>
</item>
<item name = "Detail">
<section name = "" level="1">
<item name = "Instance"><table name="" hasTotal="0">
<keys size="9">Instance, Module, min, max, min, max, min, max, Type</keys>
</table>
</item>
<item name = "Loop"><table name="" hasTotal="0">
<keys size="8">Loop Name, min, max, Latency, achieved, target, Count, Pipelined</keys>
<column name="- VITIS_LOOP_7_1">6, 6, 2, -, -, 3, no</column>
</table>
</item>
</section>
</item>
</section>
</item>
</section>

<section name = "Utilization Estimates" level="0">
<item name = "Summary"><table name="" hasTotal="1">
<keys size="6">Name, BRAM_18K, DSP, FF, LUT, URAM</keys>
<column name="DSP">-, -, -, -, -</column>
<column name="Expression">-, -, 0, 42, -</column>
<column name="FIFO">-, -, -, -, -</column>
<column name="Instance">-, -, -, -, -</column>
<column name="Memory">-, -, -, -, -</column>
<column name="Multiplexer">-, -, -, 26, -</column>
<column name="Register">-, -, 7, -, -</column>
<specialColumn name="Available">40, 40, 16000, 8000, 0</specialColumn>
<specialColumn name="Utilization (%)">0, 0, ~0, ~0, 0</specialColumn>
</table>
</item>
<item name = "Detail">
<section name = "" level="1">
<item name = "Instance"><table name="" hasTotal="1">
<keys size="7">Instance, Module, BRAM_18K, DSP, FF, LUT, URAM</keys>
</table>
</item>
<item name = "DSP"><table name="" hasTotal="0">
<keys size="3">Instance, Module, Expression</keys>
</table>
</item>
<item name = "Memory"><table name="" hasTotal="1">
<keys size="10">Memory, Module, BRAM_18K, FF, LUT, URAM, Words, Bits, Banks, W*Bits*Banks</keys>
</table>
</item>
<item name = "FIFO"><table name="" hasTotal="1">
<keys size="8">Name, BRAM_18K, FF, LUT, URAM, Depth, Bits, Size:D*B</keys>
</table>
</item>
<item name = "Expression"><table name="" hasTotal="1">
<keys size="7">Variable Name, Operation, DSP, FF, LUT, Bitwidth P0, Bitwidth P1</keys>
<column name="add_ln7_fu_103_p2">+, 0, 0, 10, 2, 1</column>
<column name="tmp_res_fu_122_p2">+, 0, 0, 24, 17, 17</column>
<column name="icmp_ln7_fu_97_p2">icmp, 0, 0, 8, 2, 2</column>
</table>
</item>
<item name = "Multiplexer"><table name="" hasTotal="1">
<keys size="5">Name, LUT, Input Size, Bits, Total Bits</keys>
<column name="ap_NS_fsm">17, 4, 1, 4</column>
<column name="i_fu_40">9, 2, 2, 4</column>
</table>
</item>
<item name = "Register"><table name="" hasTotal="1">
<keys size="5">Name, FF, LUT, Bits, Const Bits</keys>
<column name="ap_CS_fsm">3, 0, 3, 0</column>
<column name="i_fu_40">2, 0, 2, 0</column>
<column name="zext_ln7_reg_140">2, 0, 64, 62</column>
</table>
</item>
</section>
</item>
</section>

<section name = "Interface" level="0">
<item name = "Summary"><table name="" hasTotal="0">
<keys size="6">RTL Ports, Dir, Bits, Protocol, Source Object, C Type</keys>
<column name="ap_local_block">out, 1, ap_ctrl_hs, lab2_z0, return value</column>
<column name="ap_local_deadlock">out, 1, ap_ctrl_hs, lab2_z0, return value</column>
<column name="ap_clk">in, 1, ap_ctrl_hs, lab2_z0, return value</column>
<column name="ap_rst">in, 1, ap_ctrl_hs, lab2_z0, return value</column>
<column name="ap_start">in, 1, ap_ctrl_hs, lab2_z0, return value</column>
<column name="ap_done">out, 1, ap_ctrl_hs, lab2_z0, return value</column>
<column name="ap_idle">out, 1, ap_ctrl_hs, lab2_z0, return value</column>
<column name="ap_ready">out, 1, ap_ctrl_hs, lab2_z0, return value</column>
<column name="in_a_address0">out, 2, ap_memory, in_a, array</column>
<column name="in_a_ce0">out, 1, ap_memory, in_a, array</column>
<column name="in_a_q0">in, 16, ap_memory, in_a, array</column>
<column name="in_b_address0">out, 2, ap_memory, in_b, array</column>
<column name="in_b_ce0">out, 1, ap_memory, in_b, array</column>
<column name="in_b_q0">in, 16, ap_memory, in_b, array</column>
<column name="res_address0">out, 2, ap_memory, res, array</column>
<column name="res_ce0">out, 1, ap_memory, res, array</column>
<column name="res_we0">out, 1, ap_memory, res, array</column>
<column name="res_d0">out, 32, ap_memory, res, array</column>
</table>
</item>
</section>
</profile>
