{
  "Top": "lab2_z0",
  "RtlTop": "lab2_z0",
  "RtlPrefix": "",
  "RtlSubPrefix": "lab2_z0_",
  "SourceLanguage": "c",
  "HostMachineBits": "64",
  "FunctionProtocol": "ap_ctrl_hs",
  "ResetStyle": "control",
  "Target": {
    "Family": "aartix7",
    "Device": "xa7a12t",
    "Package": "-csg325",
    "Speed": "-1Q",
    "Triple": "fpga64-xilinx-none"
  },
  "Args": {
    "in_a": {
      "index": "0",
      "direction": "in",
      "srcType": "short*",
      "srcSize": "16",
      "hwRefs": [
        {
          "type": "port",
          "interface": "in_a_address0",
          "name": "in_a_address0",
          "usage": "address",
          "direction": "out"
        },
        {
          "type": "port",
          "interface": "in_a_ce0",
          "name": "in_a_ce0",
          "usage": "control",
          "direction": "out"
        },
        {
          "type": "port",
          "interface": "in_a_q0",
          "name": "in_a_q0",
          "usage": "data",
          "direction": "in"
        }
      ]
    },
    "in_b": {
      "index": "1",
      "direction": "in",
      "srcType": "short*",
      "srcSize": "16",
      "hwRefs": [
        {
          "type": "port",
          "interface": "in_b_address0",
          "name": "in_b_address0",
          "usage": "address",
          "direction": "out"
        },
        {
          "type": "port",
          "interface": "in_b_ce0",
          "name": "in_b_ce0",
          "usage": "control",
          "direction": "out"
        },
        {
          "type": "port",
          "interface": "in_b_q0",
          "name": "in_b_q0",
          "usage": "data",
          "direction": "in"
        }
      ]
    },
    "res": {
      "index": "2",
      "direction": "out",
      "srcType": "int*",
      "srcSize": "32",
      "hwRefs": [
        {
          "type": "port",
          "interface": "res_address0",
          "name": "res_address0",
          "usage": "address",
          "direction": "out"
        },
        {
          "type": "port",
          "interface": "res_ce0",
          "name": "res_ce0",
          "usage": "control",
          "direction": "out"
        },
        {
          "type": "port",
          "interface": "res_we0",
          "name": "res_we0",
          "usage": "control",
          "direction": "out"
        },
        {
          "type": "port",
          "interface": "res_d0",
          "name": "res_d0",
          "usage": "data",
          "direction": "out"
        }
      ]
    }
  },
  "HlsSolution": {
    "FlowTarget": "vivado",
    "DirectiveTcl": ["set_directive_top lab2_z0 -name lab2_z0"],
    "ProfileOption": "0",
    "ProfileType": "none",
    "KernelName": "lab2_z0"
  },
  "ClockInfo": {
    "ClockName": "ap_clk",
    "ClockPeriod": "10",
    "Uncertainty": "1",
    "IsCombinational": "0",
    "II": "8",
    "Latency": "7"
  },
  "Xdc": {"OocClocks": ["create_clock -name ap_clk -period 10.000 [get_ports ap_clk]"]},
  "Ipx": {
    "Vendor": "xilinx.com",
    "Library": "hls",
    "Name": "lab2_z0",
    "Version": "1.0",
    "DisplayName": "Lab2_z0",
    "Revision": "",
    "Description": "An IP generated by Vitis HLS",
    "Taxonomy": "\/VITIS_HLS_IP",
    "AutoFamilySupport": "",
    "ZipFile": "xilinx_com_hls_lab2_z0_1_0.zip"
  },
  "Files": {
    "CSource": ["..\/..\/source\/lab2_z0.c"],
    "Vhdl": ["impl\/vhdl\/lab2_z0.vhd"],
    "Verilog": ["impl\/verilog\/lab2_z0.v"],
    "IpMisc": ["impl\/misc\/logo.png"],
    "CsynthXml": "syn\/report\/csynth.xml",
    "DebugDir": ".debug",
    "KernelXml": ".autopilot\/db\/kernel.internal.xml",
    "Xo": "",
    "XoHlsDir": "",
    "ProtoInst": [".debug\/lab2_z0.protoinst"]
  },
  "SubcoreInfo": {
    "HasXpmMemory": false,
    "HasClockedDsp": false,
    "Ip": []
  },
  "Interfaces": {
    "ap_clk": {
      "type": "clock",
      "busTypeName": "clock",
      "mode": "slave",
      "busParams": {"ASSOCIATED_RESET": "ap_rst"},
      "portMap": {"ap_clk": "CLK"},
      "ports": ["ap_clk"]
    },
    "ap_rst": {
      "type": "reset",
      "busTypeName": "reset",
      "mode": "slave",
      "busParams": {"POLARITY": "ACTIVE_HIGH"},
      "portMap": {"ap_rst": "RST"},
      "ports": ["ap_rst"]
    },
    "ap_ctrl": {
      "type": "ap_ctrl",
      "busTypeName": "acc_handshake",
      "mode": "slave",
      "portMap": {
        "ap_start": "start",
        "ap_done": "done",
        "ap_idle": "idle",
        "ap_ready": "ready"
      },
      "ports": [
        "ap_done",
        "ap_idle",
        "ap_ready",
        "ap_start"
      ]
    },
    "in_a_address0": {
      "type": "data",
      "busTypeName": "data",
      "protocol": "ap_memory",
      "mode": "master",
      "dataWidth": "2",
      "portMap": {"in_a_address0": "DATA"},
      "ports": ["in_a_address0"],
      "constraints": [{
          "constraint_type": "pragma interface",
          "mode": "ap_memory",
          "register_option": "0",
          "argName": "in_a"
        }]
    },
    "in_a_q0": {
      "type": "data",
      "busTypeName": "data",
      "protocol": "ap_memory",
      "mode": "slave",
      "dataWidth": "16",
      "portMap": {"in_a_q0": "DATA"},
      "ports": ["in_a_q0"],
      "constraints": [{
          "constraint_type": "pragma interface",
          "mode": "ap_memory",
          "register_option": "0",
          "argName": "in_a"
        }]
    },
    "in_b_address0": {
      "type": "data",
      "busTypeName": "data",
      "protocol": "ap_memory",
      "mode": "master",
      "dataWidth": "2",
      "portMap": {"in_b_address0": "DATA"},
      "ports": ["in_b_address0"],
      "constraints": [{
          "constraint_type": "pragma interface",
          "mode": "ap_memory",
          "register_option": "0",
          "argName": "in_b"
        }]
    },
    "in_b_q0": {
      "type": "data",
      "busTypeName": "data",
      "protocol": "ap_memory",
      "mode": "slave",
      "dataWidth": "16",
      "portMap": {"in_b_q0": "DATA"},
      "ports": ["in_b_q0"],
      "constraints": [{
          "constraint_type": "pragma interface",
          "mode": "ap_memory",
          "register_option": "0",
          "argName": "in_b"
        }]
    },
    "res_address0": {
      "type": "data",
      "busTypeName": "data",
      "protocol": "ap_memory",
      "mode": "master",
      "dataWidth": "2",
      "portMap": {"res_address0": "DATA"},
      "ports": ["res_address0"],
      "constraints": [{
          "constraint_type": "pragma interface",
          "mode": "ap_memory",
          "register_option": "0",
          "argName": "res"
        }]
    },
    "res_d0": {
      "type": "data",
      "busTypeName": "data",
      "protocol": "ap_memory",
      "mode": "master",
      "dataWidth": "32",
      "portMap": {"res_d0": "DATA"},
      "ports": ["res_d0"],
      "constraints": [{
          "constraint_type": "pragma interface",
          "mode": "ap_memory",
          "register_option": "0",
          "argName": "res"
        }]
    }
  },
  "RtlPorts": {
    "ap_local_block": {
      "dir": "out",
      "width": "1",
      "isVector": "true"
    },
    "ap_local_deadlock": {
      "dir": "out",
      "width": "1",
      "isVector": "true"
    },
    "ap_clk": {
      "dir": "in",
      "width": "1"
    },
    "ap_rst": {
      "dir": "in",
      "width": "1"
    },
    "ap_start": {
      "dir": "in",
      "width": "1"
    },
    "ap_done": {
      "dir": "out",
      "width": "1"
    },
    "ap_idle": {
      "dir": "out",
      "width": "1"
    },
    "ap_ready": {
      "dir": "out",
      "width": "1"
    },
    "in_a_address0": {
      "dir": "out",
      "width": "2"
    },
    "in_a_ce0": {
      "dir": "out",
      "width": "1"
    },
    "in_a_q0": {
      "dir": "in",
      "width": "16"
    },
    "in_b_address0": {
      "dir": "out",
      "width": "2"
    },
    "in_b_ce0": {
      "dir": "out",
      "width": "1"
    },
    "in_b_q0": {
      "dir": "in",
      "width": "16"
    },
    "res_address0": {
      "dir": "out",
      "width": "2"
    },
    "res_ce0": {
      "dir": "out",
      "width": "1"
    },
    "res_we0": {
      "dir": "out",
      "width": "1"
    },
    "res_d0": {
      "dir": "out",
      "width": "32"
    }
  },
  "ModuleInfo": {
    "Hierarchy": {"ModuleName": "lab2_z0"},
    "Info": {"lab2_z0": {
        "FunctionProtocol": "ap_ctrl_hs",
        "isTaskLevelControl": "0",
        "isPipelined": "0",
        "isCombinational": "0",
        "isOneStateSeq": "0"
      }},
    "Metrics": {"lab2_z0": {
        "Latency": {
          "LatencyBest": "7",
          "LatencyAvg": "7",
          "LatencyWorst": "7",
          "PipelineII": "8",
          "PipelineDepth": "",
          "PipelineType": "no"
        },
        "Timing": {
          "Target": "10.00",
          "Uncertainty": "1.00",
          "Estimate": "6.450"
        },
        "Loops": [{
            "Name": "VITIS_LOOP_7_1",
            "TripCount": "3",
            "Latency": "6",
            "PipelineII": "",
            "PipelineDepth": "2"
          }],
        "Area": {
          "FF": "7",
          "AVAIL_FF": "16000",
          "UTIL_FF": "~0",
          "LUT": "68",
          "AVAIL_LUT": "8000",
          "UTIL_LUT": "~0",
          "BRAM_18K": "0",
          "AVAIL_BRAM": "40",
          "UTIL_BRAM": "0",
          "DSP": "0",
          "AVAIL_DSP": "40",
          "UTIL_DSP": "0",
          "URAM": "0",
          "AVAIL_URAM": "0",
          "UTIL_URAM": "0"
        }
      }}
  },
  "GenerateBdFiles": "0",
  "GenData": {
    "DataVersion": "0.2",
    "Time": "2022-10-18 01:21:56 +0300",
    "ToolName": "vitis_hls",
    "ToolVersion": "2021.2"
  }
}
