<profile>

<RTLDesignHierarchy>
<TopModule>
<ModuleName>lab2_z1</ModuleName>
</TopModule>
</RTLDesignHierarchy>

<ModuleInformation>
<Module>
<Name>lab2_z1</Name>
<Loops>
<VITIS_LOOP_6_1></VITIS_LOOP_6_1>
</Loops>
<PerformanceEstimates>
<SummaryOfTimingAnalysis>
<TargetClockPeriod>12.00</TargetClockPeriod>
<ClockUncertainty>1.00</ClockUncertainty>
<EstimatedClockPeriod>10.080</EstimatedClockPeriod>
</SummaryOfTimingAnalysis>
<SummaryOfOverallLatency>
<Best-caseLatency>1</Best-caseLatency>
<Average-caseLatency>7</Average-caseLatency>
<Worst-caseLatency>13</Worst-caseLatency>
<Best-caseRealTimeLatency>12.000 ns</Best-caseRealTimeLatency>
<Average-caseRealTimeLatency>84.000 ns</Average-caseRealTimeLatency>
<Worst-caseRealTimeLatency>0.156 us</Worst-caseRealTimeLatency>
<PipelineInitiationInterval>2 ~ 14</PipelineInitiationInterval>
<PipelineType>no</PipelineType>
</SummaryOfOverallLatency>
<SummaryOfLoopLatency>
<VITIS_LOOP_6_1>
<Name>VITIS_LOOP_6_1</Name>
<TripCount>
<range>
<min>0</min>
<max>12</max>
</range>
</TripCount>
<Latency>0 ~ 12</Latency>
<AbsoluteTimeLatency>0 ns ~ 0.144 us</AbsoluteTimeLatency>
<IterationLatency>1</IterationLatency>
<PipelineDepth>1</PipelineDepth>
<PipelineType>no</PipelineType>
<InstanceList>
</InstanceList>
</VITIS_LOOP_6_1>
</SummaryOfLoopLatency>
</PerformanceEstimates>
<AreaEstimates>
<Resources>
<DSP>2</DSP>
<AVAIL_DSP>40</AVAIL_DSP>
<UTIL_DSP>5</UTIL_DSP>
<FF>67</FF>
<AVAIL_FF>16000</AVAIL_FF>
<UTIL_FF>~0</UTIL_FF>
<LUT>88</LUT>
<AVAIL_LUT>8000</AVAIL_LUT>
<UTIL_LUT>1</UTIL_LUT>
<BRAM_18K>0</BRAM_18K>
<AVAIL_BRAM>40</AVAIL_BRAM>
<UTIL_BRAM>0</UTIL_BRAM>
<URAM>0</URAM>
<AVAIL_URAM>0</AVAIL_URAM>
<UTIL_URAM>0</UTIL_URAM>
</Resources>
</AreaEstimates>
<InterfaceSummary>
<RtlPorts>
<name>ap_local_block</name>
<Object>lab2_z1</Object>
<Type>return value</Type>
<Scope></Scope>
<IOProtocol>ap_ctrl_hs</IOProtocol>
<IOConfig></IOConfig>
<Dir>out</Dir>
<Bits>1</Bits>
<Attribute>unknown</Attribute>
</RtlPorts>
<RtlPorts>
<name>ap_local_deadlock</name>
<Object>lab2_z1</Object>
<Type>return value</Type>
<Scope></Scope>
<IOProtocol>ap_ctrl_hs</IOProtocol>
<IOConfig></IOConfig>
<Dir>out</Dir>
<Bits>1</Bits>
<Attribute>unknown</Attribute>
</RtlPorts>
<RtlPorts>
<name>ap_clk</name>
<Object>lab2_z1</Object>
<Type>return value</Type>
<Scope></Scope>
<IOProtocol>ap_ctrl_hs</IOProtocol>
<IOConfig></IOConfig>
<Dir>in</Dir>
<Bits>1</Bits>
<Attribute>control</Attribute>
</RtlPorts>
<RtlPorts>
<name>ap_rst</name>
<Object>lab2_z1</Object>
<Type>return value</Type>
<Scope></Scope>
<IOProtocol>ap_ctrl_hs</IOProtocol>
<IOConfig></IOConfig>
<Dir>in</Dir>
<Bits>1</Bits>
<Attribute>control</Attribute>
</RtlPorts>
<RtlPorts>
<name>ap_start</name>
<Object>lab2_z1</Object>
<Type>return value</Type>
<Scope></Scope>
<IOProtocol>ap_ctrl_hs</IOProtocol>
<IOConfig></IOConfig>
<Dir>in</Dir>
<Bits>1</Bits>
<Attribute>control</Attribute>
</RtlPorts>
<RtlPorts>
<name>ap_done</name>
<Object>lab2_z1</Object>
<Type>return value</Type>
<Scope></Scope>
<IOProtocol>ap_ctrl_hs</IOProtocol>
<IOConfig></IOConfig>
<Dir>out</Dir>
<Bits>1</Bits>
<Attribute>control</Attribute>
</RtlPorts>
<RtlPorts>
<name>ap_idle</name>
<Object>lab2_z1</Object>
<Type>return value</Type>
<Scope></Scope>
<IOProtocol>ap_ctrl_hs</IOProtocol>
<IOConfig></IOConfig>
<Dir>out</Dir>
<Bits>1</Bits>
<Attribute>control</Attribute>
</RtlPorts>
<RtlPorts>
<name>ap_ready</name>
<Object>lab2_z1</Object>
<Type>return value</Type>
<Scope></Scope>
<IOProtocol>ap_ctrl_hs</IOProtocol>
<IOConfig></IOConfig>
<Dir>out</Dir>
<Bits>1</Bits>
<Attribute>control</Attribute>
</RtlPorts>
<RtlPorts>
<name>ap_return</name>
<Object>lab2_z1</Object>
<Type>return value</Type>
<Scope></Scope>
<IOProtocol>ap_ctrl_hs</IOProtocol>
<IOConfig></IOConfig>
<Dir>out</Dir>
<Bits>32</Bits>
<Attribute>data</Attribute>
</RtlPorts>
<RtlPorts>
<name>in_r</name>
<Object>in_r</Object>
<Type>scalar</Type>
<Scope></Scope>
<IOProtocol>ap_none</IOProtocol>
<IOConfig></IOConfig>
<Dir>in</Dir>
<Bits>16</Bits>
<Attribute>data</Attribute>
<CType>int</CType>
</RtlPorts>
</InterfaceSummary>
</Module>
</ModuleInformation>

<FIFOInformation>
</FIFOInformation>

</profile>
