<?xml version="1.0" encoding="utf-8"?>
<Messages>
	<Message severity="INFO" prefix="[COSIM 212-47]" key="COSIM_TCL_47_1115" tag="" content="Using XSIM for RTL simulation." resolution=""/>
	<Message severity="INFO" prefix="[COSIM 212-14]" key="COSIM_TCL_14_1084" tag="" content="Instrumenting C test bench ..." resolution=""/>
	<Message severity="INFO" prefix="[HLS 200-10]" key="HLS_10_1427" tag="" content="Running &apos;C:/Programs/Xilinx/Vitis_HLS/2021.2/bin/unwrapped/win64.o/apcc.exe&apos;" resolution=""/>
	<Message severity="INFO" prefix="[HLS 200-10]" key="HLS_10_1428" tag="" content="For user &apos;danil&apos; on host &apos;desktop-d9bk5m4&apos; (Windows NT_amd64 version 6.2) on Tue Oct 18 01:08:38 +0300 2022" resolution=""/>
	<Message severity="INFO" prefix="[HLS 200-10]" key="HLS_10_1430" tag="" content="In directory &apos;D:/Labs/3sem/FPGA/lab2_z0/lab2_z0/lab2_z0/solution1/sim/wrapc&apos;" resolution=""/>
	<Message severity="INFO" prefix="[APCC 202-3]" key="APCC_3_1610" tag="" content="Tmp directory is apcc_db" resolution=""/>
	<Message severity="INFO" prefix="[APCC 202-1]" key="APCC_1_1611" tag="" content="APCC is done." resolution=""/>
	<Message severity="INFO" prefix="[HLS 200-10]" key="HLS_10_1427" tag="" content="Running &apos;C:/Programs/Xilinx/Vitis_HLS/2021.2/bin/unwrapped/win64.o/apcc.exe&apos;" resolution=""/>
	<Message severity="INFO" prefix="[HLS 200-10]" key="HLS_10_1428" tag="" content="For user &apos;danil&apos; on host &apos;desktop-d9bk5m4&apos; (Windows NT_amd64 version 6.2) on Tue Oct 18 01:08:42 +0300 2022" resolution=""/>
	<Message severity="INFO" prefix="[HLS 200-10]" key="HLS_10_1430" tag="" content="In directory &apos;D:/Labs/3sem/FPGA/lab2_z0/lab2_z0/lab2_z0/solution1/sim/wrapc&apos;" resolution=""/>
	<Message severity="INFO" prefix="[APCC 202-3]" key="APCC_3_1610" tag="" content="Tmp directory is apcc_db" resolution=""/>
	<Message severity="INFO" prefix="[APCC 202-1]" key="APCC_1_1611" tag="" content="APCC is done." resolution=""/>
	<Message severity="INFO" prefix="[COSIM 212-302]" key="COSIM_TCL_302_1177" tag="" content="Starting C TB testing ..." resolution=""/>
	<Message severity="INFO" prefix="[COSIM 212-333]" key="COSIM_TCL_333_1204" tag="" content="Generating C post check test bench ..." resolution=""/>
	<Message severity="INFO" prefix="[COSIM 212-12]" key="COSIM_TCL_12_1082" tag="" content="Generating RTL test bench ..." resolution=""/>
	<Message severity="INFO" prefix="[COSIM 212-1]" key="COSIM_TCL_1_1071" tag="" content="*** C/RTL co-simulation file generation completed. ***" resolution=""/>
	<Message severity="INFO" prefix="[COSIM 212-323]" key="COSIM_TCL_323_1195" tag="" content="Starting verilog simulation." resolution=""/>
	<Message severity="INFO" prefix="[COSIM 212-15]" key="COSIM_TCL_15_1085" tag="" content="Starting XSIM ..." resolution=""/>
	<Message severity="INFO" prefix="[COSIM 212-316]" key="COSIM_TCL_316_1188" tag="" content="Starting C post checking ..." resolution=""/>
	<Message severity="INFO" prefix="[COSIM 212-1000]" key="COSIM_TCL_1000_1070" tag="" content="*** C/RTL co-simulation finished: PASS ***" resolution=""/>
	<Message severity="INFO" prefix="[HLS 200-111]" key="HLS_111_966" tag="RUNTIME" content="Finished Command cosim_design CPU user time: 1 seconds. CPU system time: 0 seconds. Elapsed time: 25.902 seconds; current allocated memory: 0.000 MB." resolution=""/>
	<Message severity="INFO" prefix="[HLS 200-10]" key="HLS_10_1427" tag="" content="Running &apos;C:/Programs/Xilinx/VITIS_~1/2021.2/bin/unwrapped/win64.o/vitis_hls.exe&apos;" resolution=""/>
	<Message severity="INFO" prefix="[HLS 200-10]" key="HLS_10_1428" tag="" content="For user &apos;danil&apos; on host &apos;desktop-d9bk5m4&apos; (Windows NT_amd64 version 6.2) on Tue Oct 18 01:19:53 +0300 2022" resolution=""/>
	<Message severity="INFO" prefix="[HLS 200-10]" key="HLS_10_1430" tag="" content="In directory &apos;D:/Labs/3sem/FPGA/lab2_z0/lab2_z0&apos;" resolution=""/>
	<Message severity="INFO" prefix="[HLS 200-1510]" key="HLS_150_1932" tag="" content="Running: open_project -reset lab2_z0_ex" resolution=""/>
	<Message severity="INFO" prefix="[HLS 200-10]" key="HLS_10_1352" tag="" content="Creating and opening project &apos;D:/Labs/3sem/FPGA/lab2_z0/lab2_z0/lab2_z0_ex&apos;." resolution=""/>
	<Message severity="INFO" prefix="[HLS 200-1510]" key="HLS 200-1510" tag="" content="Running: add_files ./source/lab2_z0.c" resolution=""/>
	<Message severity="INFO" prefix="[HLS 200-10]" key="HLS_10_1358" tag="" content="Adding design file &apos;./source/lab2_z0.c&apos; to the project" resolution=""/>
	<Message severity="INFO" prefix="[HLS 200-1510]" key="HLS 200-1510" tag="" content="Running: set_top lab2_z0" resolution=""/>
	<Message severity="INFO" prefix="[HLS 200-1510]" key="HLS 200-1510" tag="" content="Running: add_files -tb ./source/lab2_z0_test.c" resolution=""/>
	<Message severity="INFO" prefix="[HLS 200-10]" key="HLS_10_1358" tag="" content="Adding test bench file &apos;./source/lab2_z0_test.c&apos; to the project" resolution=""/>
	<Message severity="INFO" prefix="[HLS 200-1510]" key="HLS 200-1510" tag="" content="Running: open_solution -reset ex_sol1" resolution=""/>
	<Message severity="INFO" prefix="[HLS 200-10]" key="HLS_10_1427" tag="" content="Running &apos;C:/Programs/Xilinx/VITIS_~1/2021.2/bin/unwrapped/win64.o/vitis_hls.exe&apos;" resolution=""/>
	<Message severity="INFO" prefix="[HLS 200-10]" key="HLS_10_1428" tag="" content="For user &apos;danil&apos; on host &apos;desktop-d9bk5m4&apos; (Windows NT_amd64 version 6.2) on Tue Oct 18 01:22:51 +0300 2022" resolution=""/>
	<Message severity="INFO" prefix="[HLS 200-10]" key="HLS_10_1430" tag="" content="In directory &apos;D:/Labs/3sem/FPGA/lab2_z0/lab2_z0&apos;" resolution=""/>
	<Message severity="INFO" prefix="[HLS 200-10]" key="HLS_10_1865" tag="" content="Bringing up Vitis HLS GUI ..." resolution=""/>
	<Message severity="INFO" prefix="[HLS 200-10]" key="HLS_10_1427" tag="" content="Running &apos;C:/Programs/Xilinx/VITIS_~1/2021.2/tps/win64/jre11.0.11_9/bin/java.exe&apos;" resolution=""/>
	<Message severity="INFO" prefix="[HLS 200-10]" key="HLS_10_1428" tag="" content="For user &apos;danil&apos; on host &apos;desktop-d9bk5m4&apos; (Windows NT_amd64 version 10.0) on Tue Oct 18 01:22:55 +0300 2022" resolution=""/>
	<Message severity="INFO" prefix="[HLS 200-10]" key="HLS_10_1430" tag="" content="In directory &apos;D:/Labs/3sem/FPGA/lab2_z0/lab2_z0&apos;" resolution=""/>
</Messages>
