<root versionMajor = "1" versionMinor = "5">
  <kernel src_name="lab2_z0" language="c" hwCtrl="ap_ctrl_hs" mem_layout="fpga64-xilinx-none">
    <args>
      <arg id="0" access_type="r" src_name="in_a" src_type="short*" src_isptr="1" src_bitwidth="16" src_size_or_depth="3">
        <hw hw_usage="data" hw_interface="BRAM" hw_name="in_a" hw_bitwidth="16" hw_size_or_depth="3">
          <constraint constraint_type="pragma interface" mode="ap_memory" register_option="0"/>
        </hw>
      </arg>
      <arg id="1" access_type="r" src_name="in_b" src_type="short*" src_isptr="1" src_bitwidth="16" src_size_or_depth="3">
        <hw hw_usage="data" hw_interface="BRAM" hw_name="in_b" hw_bitwidth="16" hw_size_or_depth="3">
          <constraint constraint_type="pragma interface" mode="ap_memory" register_option="0"/>
        </hw>
      </arg>
      <arg id="2" access_type="w" src_name="res" src_type="int*" src_isptr="1" src_bitwidth="32" src_size_or_depth="3">
        <hw hw_usage="data" hw_interface="BRAM" hw_name="res" hw_bitwidth="32" hw_size_or_depth="3">
          <constraint constraint_type="pragma interface" mode="ap_memory" register_option="0"/>
        </hw>
      </arg>
    </args>
    <return src_type="void" src_bitwidth="0" offset="0x0">
      <hw hw_usage="data" hw_interface="" hw_name="" hw_bitwidth="0"/>
    </return>
  </kernel>
</root>
