<?xml version="1.0" encoding="UTF-8"?>
<GenRun Id="impl_1" LaunchPart="xc7a100tcsg324-1" LaunchTime="1647092950">
  <File Type="PA-TCL" Name="security_verilog.tcl"/>
  <File Type="REPORTS-TCL" Name="security_verilog_reports.tcl"/>
  <File Type="BITSTR-MSK" Name="security_verilog.msk"/>
  <File Type="RDI-RDI" Name="security_verilog.vdi"/>
  <File Type="BG-BIT" Name="security_verilog.bit"/>
  <File Type="BG-DRC" Name="security_verilog.drc"/>
  <File Type="BG-BGN" Name="security_verilog.bgn"/>
  <File Type="BG-BIN" Name="security_verilog.bin"/>
  <File Type="BITSTR-RBT" Name="security_verilog.rbt"/>
  <File Type="BITSTR-NKY" Name="security_verilog.nky"/>
  <File Type="BITSTR-BMM" Name="security_verilog_bd.bmm"/>
  <File Type="BITSTR-MMI" Name="security_verilog.mmi"/>
  <File Type="BITSTR-SYSDEF" Name="security_verilog.sysdef"/>
  <File Type="BITSTR-LTX" Name="debug_nets.ltx"/>
  <File Type="BITSTR-LTX" Name="security_verilog.ltx"/>
  <File Type="WBT-USG" Name="usage_statistics_webtalk.html"/>
  <File Type="OPT-HWDEF" Name="security_verilog.hwdef"/>
  <File Type="PLACE-PRE-SIMILARITY" Name="security_verilog_incremental_reuse_pre_placed.rpt"/>
  <File Type="ROUTE-DCP" Name="security_verilog_routed.dcp"/>
  <File Type="ROUTE-ERROR-DCP" Name="security_verilog_routed_error.dcp"/>
  <File Type="ROUTE-BLACKBOX-DCP" Name="security_verilog_routed_bb.dcp"/>
  <File Type="ROUTE-TIMING-PB" Name="security_verilog_timing_summary_routed.pb"/>
  <File Type="OPT-DCP" Name="security_verilog_opt.dcp"/>
  <File Type="PLACE-DCP" Name="security_verilog_placed.dcp"/>
  <File Type="PWROPT-DCP" Name="security_verilog_pwropt.dcp"/>
  <File Type="POSTPLACE-PWROPT-DCP" Name="security_verilog_postplace_pwropt.dcp"/>
  <File Type="PHYSOPT-DCP" Name="security_verilog_physopt.dcp"/>
  <File Type="POSTROUTE-PHYSOPT-DCP" Name="security_verilog_postroute_physopt.dcp"/>
  <File Type="POSTROUTE-PHYSOPT-BLACKBOX-DCP" Name="security_verilog_postroute_physopt_bb.dcp"/>
  <File Type="PDI-FILE" Name="security_verilog.pdi"/>
  <File Type="RCFI_FILE" Name="security_verilog.rcfi"/>
  <File Type="CFI_FILE" Name="security_verilog.cfi"/>
  <File Type="RNPI_FILE" Name="security_verilog.rnpi"/>
  <File Type="NPI_FILE" Name="security_verilog.npi"/>
  <File Type="RBD_FILE" Name="security_verilog.rbd"/>
  <FileSet Name="sources" Type="DesignSrcs" RelSrcDir="$PSRCDIR/sources_1">
    <Filter Type="Srcs"/>
    <File Path="$PSRCDIR/sources_1/new/security_verilog.sv">
      <FileInfo>
        <Attr Name="UsedIn" Val="synthesis"/>
        <Attr Name="UsedIn" Val="implementation"/>
        <Attr Name="UsedIn" Val="simulation"/>
      </FileInfo>
    </File>
    <Config>
      <Option Name="DesignMode" Val="RTL"/>
      <Option Name="TopModule" Val="security_verilog"/>
      <Option Name="TopAutoSet" Val="TRUE"/>
    </Config>
  </FileSet>
  <FileSet Name="constrs_in" Type="Constrs" RelSrcDir="$PSRCDIR/constrs_1">
    <Filter Type="Constrs"/>
    <Config>
      <Option Name="ConstrsType" Val="XDC"/>
    </Config>
  </FileSet>
  <FileSet Name="utils" Type="Utils" RelSrcDir="$PSRCDIR/utils_1">
    <Filter Type="Utils"/>
    <Config>
      <Option Name="TopAutoSet" Val="TRUE"/>
    </Config>
  </FileSet>
  <Strategy Version="1" Minor="2">
    <StratHandle Name="Vivado Implementation Defaults" Flow="Vivado Implementation 2020"/>
    <Step Id="init_design"/>
    <Step Id="opt_design"/>
    <Step Id="power_opt_design"/>
    <Step Id="place_design"/>
    <Step Id="post_place_power_opt_design"/>
    <Step Id="phys_opt_design"/>
    <Step Id="route_design"/>
    <Step Id="post_route_phys_opt_design"/>
    <Step Id="write_bitstream"/>
    <Step Id="write_device_image"/>
  </Strategy>
</GenRun>
