<?xml version="1.0" encoding="utf-8"?>
<Messages>
	<Message severity="INFO" prefix="[HLS 200-111]" key="HLS_111_966" tag="RUNTIME" content="Finished File checks and directory preparation: CPU user time: 0 seconds. CPU system time: 0 seconds. Elapsed time: 0.009 seconds; current allocated memory: 867.125 MB." resolution=""/>
	<Message severity="INFO" prefix="[HLS 200-10]" key="HLS_10_1312" tag="" content="Analyzing design file &apos;lab2_z1/source/lab2_z1.c&apos; ..." resolution=""/>
	<Message severity="INFO" prefix="[HLS 200-111]" key="HLS_111_966" tag="RUNTIME" content="Finished Source Code Analysis and Preprocessing: CPU user time: 0 seconds. CPU system time: 0 seconds. Elapsed time: 0.46 seconds; current allocated memory: 1.077 GB." resolution=""/>
	<Message severity="INFO" prefix="[HLS 200-777]" key="HLS 200-777" tag="" content="Using interface defaults for &apos;Vivado&apos; flow target." resolution=""/>
	<Message severity="INFO" prefix="[HLS 214-284]" key="HLS 214-284" tag="" content="Auto array partition mode is set into default." resolution=""/>
	<Message severity="INFO" prefix="[HLS 214-270]" key="HLS 214-270" tag="" content="Starting automatic array partition analysis..." resolution=""/>
	<Message severity="INFO" prefix="[HLS 200-111]" key="HLS_111_966" tag="RUNTIME" content="Finished Compiling Optimization and Transform: CPU user time: 1 seconds. CPU system time: 0 seconds. Elapsed time: 3.046 seconds; current allocated memory: 1.077 GB." resolution=""/>
	<Message severity="INFO" prefix="[HLS 200-111]" key="HLS_111_966" tag="RUNTIME" content="Finished Checking Pragmas: CPU user time: 0 seconds. CPU system time: 0 seconds. Elapsed time: 0.001 seconds; current allocated memory: 1.077 GB." resolution=""/>
	<Message severity="INFO" prefix="[HLS 200-10]" key="HLS_10_1467" tag="" content="Starting code transformations ..." resolution=""/>
	<Message severity="INFO" prefix="[HLS 200-111]" key="HLS_111_966" tag="RUNTIME" content="Finished Standard Transforms: CPU user time: 0 seconds. CPU system time: 0 seconds. Elapsed time: 0.013 seconds; current allocated memory: 1.077 GB." resolution=""/>
	<Message severity="INFO" prefix="[HLS 200-10]" key="HLS_10_1472" tag="" content="Checking synthesizability ..." resolution=""/>
	<Message severity="INFO" prefix="[HLS 200-111]" key="HLS_111_966" tag="RUNTIME" content="Finished Checking Synthesizability: CPU user time: 0 seconds. CPU system time: 0 seconds. Elapsed time: 0.01 seconds; current allocated memory: 1.077 GB." resolution=""/>
	<Message severity="INFO" prefix="[XFORM 203-510]" key="XFORM_AUTO_PIPELINE_STATUS_244" tag="" content="Pipelining loop &apos;VITIS_LOOP_6_1&apos; (lab2_z1/source/lab2_z1.c:5) in function &apos;lab2_z1&apos; automatically." resolution=""/>
	<Message severity="INFO" prefix="[HLS 200-111]" key="HLS_111_966" tag="RUNTIME" content="Finished Loop, function and other optimizations: CPU user time: 0 seconds. CPU system time: 0 seconds. Elapsed time: 0.082 seconds; current allocated memory: 1.077 GB." resolution=""/>
	<Message severity="INFO" prefix="[HLS 200-111]" key="HLS_111_966" tag="RUNTIME" content="Finished Architecture Synthesis: CPU user time: 0 seconds. CPU system time: 0 seconds. Elapsed time: 0.02 seconds; current allocated memory: 1.077 GB." resolution=""/>
	<Message severity="INFO" prefix="[HLS 200-10]" key="HLS_10_1317" tag="" content="Starting hardware synthesis ..." resolution=""/>
	<Message severity="INFO" prefix="[HLS 200-10]" key="HLS_10_1385" tag="" content="Synthesizing &apos;lab2_z1&apos; ..." resolution=""/>
	<Message severity="INFO" prefix="[HLS 200-10]" key="HLS_10_1477" tag="" content="----------------------------------------------------------------" resolution=""/>
	<Message severity="INFO" prefix="[HLS 200-42]" key="HLS_42_1438" tag="" content="-- Implementing module &apos;lab2_z1&apos;" resolution=""/>
	<Message severity="INFO" prefix="[HLS 200-10]" key="HLS_10_1478" tag="" content="----------------------------------------------------------------" resolution=""/>
	<Message severity="INFO" prefix="[SCHED 204-11]" key="SCHED_SCHED_STATUS_597" tag="" content="Starting scheduling ..." resolution=""/>
	<Message severity="INFO" prefix="[SCHED 204-61]" key="SCHED_PIPELINING_STATUS_41" tag="" content="Pipelining loop &apos;VITIS_LOOP_6_1&apos;." resolution=""/>
	<Message severity="WARNING" prefix="[HLS 200-880]" key="HLS 200-880" tag="LOOP,SCHEDULE,VITIS_THROUGHPUT" content="The II Violation in module &apos;lab2_z1&apos; (loop &apos;VITIS_LOOP_6_1&apos;): Unable to enforce a carried dependence constraint (II = 1, distance = 1, offset = 0) between &apos;store&apos; operation (&apos;res_write_ln8&apos;, lab2_z1/source/lab2_z1.c:8) of variable &apos;res&apos;, lab2_z1/source/lab2_z1.c:8 on local variable &apos;res&apos; and &apos;load&apos; operation (&apos;res_load&apos;, lab2_z1/source/lab2_z1.c:8) on local variable &apos;res&apos;." resolution="http://www.xilinx.com/cgi-bin/docs/rdoc?v=2021.2;t=hls+guidance;d=200-880.html"/>
	<Message severity="WARNING" prefix="[HLS 200-880]" key="HLS 200-880" tag="LOOP,SCHEDULE,VITIS_THROUGHPUT" content="The II Violation in module &apos;lab2_z1&apos; (loop &apos;VITIS_LOOP_6_1&apos;): Unable to enforce a carried dependence constraint (II = 2, distance = 1, offset = 0) between &apos;store&apos; operation (&apos;res_write_ln8&apos;, lab2_z1/source/lab2_z1.c:8) of variable &apos;res&apos;, lab2_z1/source/lab2_z1.c:8 on local variable &apos;res&apos; and &apos;load&apos; operation (&apos;res_load&apos;, lab2_z1/source/lab2_z1.c:8) on local variable &apos;res&apos;." resolution="http://www.xilinx.com/cgi-bin/docs/rdoc?v=2021.2;t=hls+guidance;d=200-880.html"/>
	<Message severity="WARNING" prefix="[HLS 200-880]" key="HLS 200-880" tag="LOOP,SCHEDULE,VITIS_THROUGHPUT" content="The II Violation in module &apos;lab2_z1&apos; (loop &apos;VITIS_LOOP_6_1&apos;): Unable to enforce a carried dependence constraint (II = 3, distance = 1, offset = 0) between &apos;store&apos; operation (&apos;res_write_ln8&apos;, lab2_z1/source/lab2_z1.c:8) of variable &apos;res&apos;, lab2_z1/source/lab2_z1.c:8 on local variable &apos;res&apos; and &apos;load&apos; operation (&apos;res_load&apos;, lab2_z1/source/lab2_z1.c:8) on local variable &apos;res&apos;." resolution="http://www.xilinx.com/cgi-bin/docs/rdoc?v=2021.2;t=hls+guidance;d=200-880.html"/>
	<Message severity="WARNING" prefix="[HLS 200-880]" key="HLS 200-880" tag="LOOP,SCHEDULE,VITIS_THROUGHPUT" content="The II Violation in module &apos;lab2_z1&apos; (loop &apos;VITIS_LOOP_6_1&apos;): Unable to enforce a carried dependence constraint (II = 4, distance = 1, offset = 0) between &apos;store&apos; operation (&apos;res_write_ln8&apos;, lab2_z1/source/lab2_z1.c:8) of variable &apos;res&apos;, lab2_z1/source/lab2_z1.c:8 on local variable &apos;res&apos; and &apos;load&apos; operation (&apos;res_load&apos;, lab2_z1/source/lab2_z1.c:8) on local variable &apos;res&apos;." resolution="http://www.xilinx.com/cgi-bin/docs/rdoc?v=2021.2;t=hls+guidance;d=200-880.html"/>
	<Message severity="INFO" prefix="[HLS 200-1470]" key="HLS 200-1470" tag="SCHEDULE,VITIS_THROUGHPUT" content="Pipelining result : Target II = NA, Final II = 5, Depth = 6, loop &apos;VITIS_LOOP_6_1&apos;" resolution=""/>
	<Message severity="INFO" prefix="[SCHED 204-11]" key="SCHED_SCHED_STATUS_596" tag="" content="Finished scheduling." resolution=""/>
	<Message severity="INFO" prefix="[HLS 200-111]" key="HLS_111_966" tag="RUNTIME" content="Finished Scheduling: CPU user time: 0 seconds. CPU system time: 0 seconds. Elapsed time: 0.157 seconds; current allocated memory: 1.077 GB." resolution=""/>
	<Message severity="INFO" prefix="[BIND 205-100]" key="BIND_100_926" tag="" content="Starting micro-architecture generation ..." resolution=""/>
	<Message severity="INFO" prefix="[BIND 205-101]" key="BIND_101_698" tag="" content="Performing variable lifetime analysis." resolution=""/>
	<Message severity="INFO" prefix="[BIND 205-101]" key="BIND_101_697" tag="" content="Exploring resource sharing." resolution=""/>
	<Message severity="INFO" prefix="[BIND 205-101]" key="BIND_101_693" tag="" content="Binding ..." resolution=""/>
	<Message severity="INFO" prefix="[BIND 205-100]" key="BIND_100_925" tag="" content="Finished micro-architecture generation." resolution=""/>
	<Message severity="INFO" prefix="[HLS 200-111]" key="HLS_111_966" tag="RUNTIME" content="Finished Binding: CPU user time: 0 seconds. CPU system time: 0 seconds. Elapsed time: 0.051 seconds; current allocated memory: 1.077 GB." resolution=""/>
	<Message severity="INFO" prefix="[HLS 200-10]" key="HLS_10_1483" tag="" content="----------------------------------------------------------------" resolution=""/>
	<Message severity="INFO" prefix="[HLS 200-10]" key="HLS_10_1484" tag="" content="-- Generating RTL for module &apos;lab2_z1&apos;" resolution=""/>
	<Message severity="INFO" prefix="[HLS 200-10]" key="HLS_10_1485" tag="" content="----------------------------------------------------------------" resolution=""/>
	<Message severity="INFO" prefix="[RTGEN 206-500]" key="PREPROC_IO_COMP_CONFLICT_1950" tag="" content="Setting interface mode on port &apos;lab2_z1/in_r&apos; to &apos;ap_none&apos;." resolution=""/>
	<Message severity="INFO" prefix="[RTGEN 206-500]" key="PREPROC_IO_COMP_CONFLICT_1950" tag="" content="Setting interface mode on function &apos;lab2_z1&apos; to &apos;ap_ctrl_hs&apos;." resolution=""/>
	<Message severity="INFO" prefix="[HLS 200-1030]" key="HLS 200-1030" tag="" content="Apply Unified Pipeline Control on module &apos;lab2_z1&apos; pipeline &apos;VITIS_LOOP_6_1&apos; pipeline type &apos;loop pipeline&apos;" resolution=""/>
	<Message severity="INFO" prefix="[RTGEN 206-100]" key="RTGEN_100_855" tag="" content="Generating core module &apos;mul_16ns_32s_32_5_1&apos;: 1 instance(s)." resolution=""/>
	<Message severity="INFO" prefix="[RTGEN 206-100]" key="RTGEN_100_856" tag="" content="Finished creating RTL model for &apos;lab2_z1&apos;." resolution=""/>
	<Message severity="INFO" prefix="[HLS 200-111]" key="HLS_111_966" tag="RUNTIME" content="Finished Creating RTL model: CPU user time: 0 seconds. CPU system time: 0 seconds. Elapsed time: 0.068 seconds; current allocated memory: 1.077 GB." resolution=""/>
	<Message severity="INFO" prefix="[HLS 200-111]" key="HLS_111_966" tag="RUNTIME" content="Finished Generating all RTL models: CPU user time: 1 seconds. CPU system time: 0 seconds. Elapsed time: 0.244 seconds; current allocated memory: 1.077 GB." resolution=""/>
	<Message severity="INFO" prefix="[HLS 200-111]" key="HLS_111_966" tag="RUNTIME" content="Finished Updating report files: CPU user time: 0 seconds. CPU system time: 0 seconds. Elapsed time: 0.162 seconds; current allocated memory: 1.077 GB." resolution=""/>
	<Message severity="INFO" prefix="[VHDL 208-304]" key="VHDL_304_1066" tag="" content="Generating VHDL RTL for lab2_z1." resolution=""/>
	<Message severity="INFO" prefix="[VLOG 209-307]" key="VLOG_307_1067" tag="" content="Generating Verilog RTL for lab2_z1." resolution=""/>
	<Message severity="INFO" prefix="[HLS 200-790]" key="HLS 200-790" tag="LOOP,VITIS_KERNEL" content="**** Loop Constraint Status: All loop constraints were NOT satisfied." resolution=""/>
	<Message severity="INFO" prefix="[HLS 200-789]" key="HLS 200-789" tag="THROUGHPUT,VITIS_KERNEL" content="**** Estimated Fmax: 250.63 MHz" resolution=""/>
	<Message severity="INFO" prefix="[HLS 200-111]" key="HLS_111_966" tag="RUNTIME" content="Finished Command csynth_design CPU user time: 2 seconds. CPU system time: 0 seconds. Elapsed time: 4.368 seconds; current allocated memory: 244.699 MB." resolution=""/>
</Messages>
