<stg><name>lab2_z1</name>


<trans_list>

<trans id="56" from="1" to="2">
<condition id="-1">
<or_exp><and_exp></and_exp></or_exp>
</condition>
</trans>

<trans id="50" from="2" to="3">
<condition id="-1">
<or_exp><and_exp></and_exp></or_exp>
</condition>
</trans>

<trans id="51" from="3" to="4">
<condition id="-1">
<or_exp><and_exp></and_exp></or_exp>
</condition>
</trans>

<trans id="52" from="4" to="5">
<condition id="-1">
<or_exp><and_exp></and_exp></or_exp>
</condition>
</trans>

<trans id="53" from="5" to="6">
<condition id="-1">
<or_exp><and_exp></and_exp></or_exp>
</condition>
</trans>
</trans_list>



<state_list>

<state id="1" st_id="2">

<operation id="9" st_id="1" stage="1" lat="1">
<core>NULL</core>
<MemPortIdVec></MemPortIdVec>
<condition id="-1">
<or_exp><and_exp></and_exp></or_exp>
</condition>

<Node id="2" bw="32" op_0_bw="32">
<![CDATA[
.lr.ph:0 %res = alloca i32 1

]]></Node>
<StgValue><ssdm name="res"/></StgValue>
</operation>

<operation id="10" st_id="1" stage="1" lat="1">
<core>NULL</core>
<MemPortIdVec></MemPortIdVec>
<condition id="-1">
<or_exp><and_exp></and_exp></or_exp>
</condition>

<Node id="3" bw="16" op_0_bw="32">
<![CDATA[
.lr.ph:1 %i = alloca i32 1

]]></Node>
<StgValue><ssdm name="i"/></StgValue>
</operation>

<operation id="11" st_id="1" stage="1" lat="1">
<core>NULL</core>
<MemPortIdVec></MemPortIdVec>
<condition id="-1">
<or_exp><and_exp></and_exp></or_exp>
</condition>

<Node id="4" bw="0" op_0_bw="0" op_1_bw="32">
<![CDATA[
.lr.ph:2 %specbitsmap_ln0 = specbitsmap void @_ssdm_op_SpecBitsMap, i32 0

]]></Node>
<StgValue><ssdm name="specbitsmap_ln0"/></StgValue>
</operation>

<operation id="12" st_id="1" stage="1" lat="1">
<core>NULL</core>
<MemPortIdVec></MemPortIdVec>
<condition id="-1">
<or_exp><and_exp></and_exp></or_exp>
</condition>

<Node id="5" bw="0" op_0_bw="0" op_1_bw="0">
<![CDATA[
.lr.ph:3 %spectopmodule_ln0 = spectopmodule void @_ssdm_op_SpecTopModule, void @empty_1

]]></Node>
<StgValue><ssdm name="spectopmodule_ln0"/></StgValue>
</operation>

<operation id="13" st_id="1" stage="1" lat="1">
<core>NULL</core>
<MemPortIdVec></MemPortIdVec>
<condition id="-1">
<or_exp><and_exp></and_exp></or_exp>
</condition>

<Node id="6" bw="0" op_0_bw="0" op_1_bw="16">
<![CDATA[
.lr.ph:4 %specbitsmap_ln0 = specbitsmap void @_ssdm_op_SpecBitsMap, i16 %in_r

]]></Node>
<StgValue><ssdm name="specbitsmap_ln0"/></StgValue>
</operation>

<operation id="14" st_id="1" stage="1" lat="1">
<core>NULL</core>
<MemPortIdVec></MemPortIdVec>
<condition id="-1">
<or_exp><and_exp></and_exp></or_exp>
</condition>

<Node id="7" bw="0" op_0_bw="0" op_1_bw="16" op_2_bw="0" op_3_bw="32" op_4_bw="32" op_5_bw="0" op_6_bw="32" op_7_bw="32" op_8_bw="0" op_9_bw="0" op_10_bw="0" op_11_bw="32" op_12_bw="32" op_13_bw="32" op_14_bw="32" op_15_bw="0" op_16_bw="0">
<![CDATA[
.lr.ph:5 %specinterface_ln0 = specinterface void @_ssdm_op_SpecInterface, i16 %in_r, void @empty, i32 0, i32 0, void @empty_0, i32 0, i32 0, void @empty_0, void @empty_0, void @empty_0, i32 0, i32 0, i32 0, i32 0, void @empty_0, void @empty_0

]]></Node>
<StgValue><ssdm name="specinterface_ln0"/></StgValue>
</operation>

<operation id="15" st_id="1" stage="1" lat="1">
<core>NULL</core>
<MemPortIdVec></MemPortIdVec>
<condition id="-1">
<or_exp><and_exp></and_exp></or_exp>
</condition>

<Node id="8" bw="16" op_0_bw="16" op_1_bw="16">
<![CDATA[
.lr.ph:6 %in_r_read = read i16 @_ssdm_op_Read.ap_auto.i16, i16 %in_r

]]></Node>
<StgValue><ssdm name="in_r_read"/></StgValue>
</operation>

<operation id="16" st_id="1" stage="1" lat="1">
<core>NULL</core>
<MemPortIdVec></MemPortIdVec>
<condition id="-1">
<or_exp><and_exp></and_exp></or_exp>
</condition>

<Node id="9" bw="17" op_0_bw="16">
<![CDATA[
.lr.ph:7 %sext_ln6 = sext i16 %in_r_read

]]></Node>
<StgValue><ssdm name="sext_ln6"/></StgValue>
</operation>

<operation id="17" st_id="1" stage="1" lat="1">
<core>NULL</core>
<MemPortIdVec></MemPortIdVec>
<condition id="-1">
<or_exp><and_exp></and_exp></or_exp>
</condition>

<Node id="10" bw="0" op_0_bw="16" op_1_bw="16">
<![CDATA[
.lr.ph:8 %store_ln6 = store i16 1, i16 %i

]]></Node>
<StgValue><ssdm name="store_ln6"/></StgValue>
</operation>

<operation id="18" st_id="1" stage="1" lat="1">
<core>NULL</core>
<MemPortIdVec></MemPortIdVec>
<condition id="-1">
<or_exp><and_exp></and_exp></or_exp>
</condition>

<Node id="11" bw="0" op_0_bw="32" op_1_bw="32">
<![CDATA[
.lr.ph:9 %store_ln6 = store i32 1, i32 %res

]]></Node>
<StgValue><ssdm name="store_ln6"/></StgValue>
</operation>

<operation id="19" st_id="1" stage="1" lat="1">
<core>NULL</core>
<MemPortIdVec></MemPortIdVec>
<condition id="-1">
<or_exp><and_exp></and_exp></or_exp>
</condition>

<Node id="12" bw="0" op_0_bw="0">
<![CDATA[
.lr.ph:10 %br_ln6 = br void

]]></Node>
<StgValue><ssdm name="br_ln6"/></StgValue>
</operation>

<operation id="20" st_id="1" stage="1" lat="1">
<core>NULL</core>
<MemPortIdVec></MemPortIdVec>
<condition id="-1">
<or_exp><and_exp></and_exp></or_exp>
</condition>

<Node id="14" bw="16" op_0_bw="16" op_1_bw="0">
<![CDATA[
:0 %i_2 = load i16 %i

]]></Node>
<StgValue><ssdm name="i_2"/></StgValue>
</operation>

<operation id="21" st_id="1" stage="1" lat="1">
<core>NULL</core>
<MemPortIdVec></MemPortIdVec>
<condition id="-1">
<or_exp><and_exp></and_exp></or_exp>
</condition>

<Node id="15" bw="17" op_0_bw="16">
<![CDATA[
:1 %i_cast = zext i16 %i_2

]]></Node>
<StgValue><ssdm name="i_cast"/></StgValue>
</operation>

<operation id="22" st_id="1" stage="1" lat="1">
<core>NULL</core>
<MemPortIdVec></MemPortIdVec>
<condition id="-1">
<or_exp><and_exp></and_exp></or_exp>
</condition>

<Node id="16" bw="0" op_0_bw="0" op_1_bw="32" op_2_bw="32" op_3_bw="32" op_4_bw="32" op_5_bw="0">
<![CDATA[
:2 %specpipeline_ln0 = specpipeline void @_ssdm_op_SpecPipeline, i32 4294967295, i32 0, i32 1, i32 0, void @p_str

]]></Node>
<StgValue><ssdm name="specpipeline_ln0"/></StgValue>
</operation>

<operation id="23" st_id="1" stage="1" lat="1">
<core>Cmp</core>
<MemPortIdVec></MemPortIdVec>
<condition id="-1">
<or_exp><and_exp></and_exp></or_exp>
</condition>

<Node id="17" bw="1" op_0_bw="17" op_1_bw="17">
<![CDATA[
:3 %icmp_ln6 = icmp_sgt  i17 %i_cast, i17 %sext_ln6

]]></Node>
<StgValue><ssdm name="icmp_ln6"/></StgValue>
</operation>

<operation id="24" st_id="1" stage="1" lat="1">
<core>NULL</core>
<MemPortIdVec></MemPortIdVec>
<condition id="-1">
<or_exp><and_exp></and_exp></or_exp>
</condition>

<Node id="18" bw="32" op_0_bw="32" op_1_bw="64" op_2_bw="64" op_3_bw="64">
<![CDATA[
:4 %empty = speclooptripcount i32 @_ssdm_op_SpecLoopTripCount, i64 0, i64 32767, i64 0

]]></Node>
<StgValue><ssdm name="empty"/></StgValue>
</operation>

<operation id="25" st_id="1" stage="1" lat="1">
<core>NULL</core>
<MemPortIdVec></MemPortIdVec>
<condition id="-1">
<or_exp><and_exp></and_exp></or_exp>
</condition>

<Node id="19" bw="0" op_0_bw="1" op_1_bw="0" op_2_bw="0">
<![CDATA[
:5 %br_ln6 = br i1 %icmp_ln6, void %.split, void %._crit_edge.loopexit

]]></Node>
<StgValue><ssdm name="br_ln6"/></StgValue>
</operation>

<operation id="26" st_id="1" stage="1" lat="1">
<core>NULL</core>
<MemPortIdVec></MemPortIdVec>
<condition id="-1">
<or_exp><and_exp><literal name="icmp_ln6" val="0"/>
</and_exp></or_exp>
</condition>

<Node id="21" bw="32" op_0_bw="32" op_1_bw="0">
<![CDATA[
.split:0 %res_load = load i32 %res

]]></Node>
<StgValue><ssdm name="res_load"/></StgValue>
</operation>

<operation id="27" st_id="1" stage="1" lat="1">
<core>NULL</core>
<MemPortIdVec></MemPortIdVec>
<condition id="-1">
<or_exp><and_exp><literal name="icmp_ln6" val="0"/>
</and_exp></or_exp>
</condition>

<Node id="22" bw="32" op_0_bw="16">
<![CDATA[
.split:1 %i_cast1 = zext i16 %i_2

]]></Node>
<StgValue><ssdm name="i_cast1"/></StgValue>
</operation>

<operation id="28" st_id="1" stage="5" lat="5">
<core>Multiplier</core>
<MemPortIdVec></MemPortIdVec>
<condition id="-1">
<or_exp><and_exp><literal name="icmp_ln6" val="0"/>
</and_exp></or_exp>
</condition>

<Node id="24" bw="32" op_0_bw="32" op_1_bw="32">
<![CDATA[
.split:3 %res_1 = mul i32 %i_cast1, i32 %res_load

]]></Node>
<StgValue><ssdm name="res_1"/></StgValue>
</operation>

<operation id="29" st_id="1" stage="1" lat="1">
<core>Adder</core>
<MemPortIdVec></MemPortIdVec>
<condition id="-1">
<or_exp><and_exp><literal name="icmp_ln6" val="0"/>
</and_exp></or_exp>
</condition>

<Node id="25" bw="16" op_0_bw="16" op_1_bw="16">
<![CDATA[
.split:4 %i_3 = add i16 %i_2, i16 1

]]></Node>
<StgValue><ssdm name="i_3"/></StgValue>
</operation>

<operation id="30" st_id="1" stage="1" lat="1">
<core>NULL</core>
<MemPortIdVec></MemPortIdVec>
<condition id="-1">
<or_exp><and_exp><literal name="icmp_ln6" val="0"/>
</and_exp></or_exp>
</condition>

<Node id="26" bw="0" op_0_bw="16" op_1_bw="16" op_2_bw="0" op_3_bw="0">
<![CDATA[
.split:5 %store_ln6 = store i16 %i_3, i16 %i

]]></Node>
<StgValue><ssdm name="store_ln6"/></StgValue>
</operation>

<operation id="38" st_id="1" stage="1" lat="1">
<core>NULL</core>
<MemPortIdVec></MemPortIdVec>
<condition id="-1">
<or_exp><and_exp><literal name="icmp_ln6" val="1"/>
</and_exp></or_exp>
</condition>

<Node id="30" bw="32" op_0_bw="32" op_1_bw="0">
<![CDATA[
._crit_edge.loopexit:0 %res_load_1 = load i32 %res

]]></Node>
<StgValue><ssdm name="res_load_1"/></StgValue>
</operation>

<operation id="39" st_id="1" stage="1" lat="1">
<core>NULL</core>
<MemPortIdVec></MemPortIdVec>
<condition id="-1">
<or_exp><and_exp><literal name="icmp_ln6" val="1"/>
</and_exp></or_exp>
</condition>

<Node id="31" bw="0" op_0_bw="32">
<![CDATA[
._crit_edge.loopexit:1 %ret_ln10 = ret i32 %res_load_1

]]></Node>
<StgValue><ssdm name="ret_ln10"/></StgValue>
</operation>
</state>

<state id="2" st_id="3">

<operation id="31" st_id="2" stage="4" lat="5">
<core>Multiplier</core>
<MemPortIdVec></MemPortIdVec>
<condition id="-1">
<or_exp><and_exp><literal name="icmp_ln6" val="0"/>
</and_exp></or_exp>
</condition>

<Node id="24" bw="32" op_0_bw="32" op_1_bw="32">
<![CDATA[
.split:3 %res_1 = mul i32 %i_cast1, i32 %res_load

]]></Node>
<StgValue><ssdm name="res_1"/></StgValue>
</operation>
</state>

<state id="3" st_id="4">

<operation id="32" st_id="3" stage="3" lat="5">
<core>Multiplier</core>
<MemPortIdVec></MemPortIdVec>
<condition id="-1">
<or_exp><and_exp><literal name="icmp_ln6" val="0"/>
</and_exp></or_exp>
</condition>

<Node id="24" bw="32" op_0_bw="32" op_1_bw="32">
<![CDATA[
.split:3 %res_1 = mul i32 %i_cast1, i32 %res_load

]]></Node>
<StgValue><ssdm name="res_1"/></StgValue>
</operation>
</state>

<state id="4" st_id="5">

<operation id="33" st_id="4" stage="2" lat="5">
<core>Multiplier</core>
<MemPortIdVec></MemPortIdVec>
<condition id="-1">
<or_exp><and_exp><literal name="icmp_ln6" val="0"/>
</and_exp></or_exp>
</condition>

<Node id="24" bw="32" op_0_bw="32" op_1_bw="32">
<![CDATA[
.split:3 %res_1 = mul i32 %i_cast1, i32 %res_load

]]></Node>
<StgValue><ssdm name="res_1"/></StgValue>
</operation>
</state>

<state id="5" st_id="6">

<operation id="34" st_id="5" stage="1" lat="5">
<core>Multiplier</core>
<MemPortIdVec></MemPortIdVec>
<condition id="-1">
<or_exp><and_exp><literal name="icmp_ln6" val="0"/>
</and_exp></or_exp>
</condition>

<Node id="24" bw="32" op_0_bw="32" op_1_bw="32">
<![CDATA[
.split:3 %res_1 = mul i32 %i_cast1, i32 %res_load

]]></Node>
<StgValue><ssdm name="res_1"/></StgValue>
</operation>
</state>

<state id="6" st_id="7">

<operation id="35" st_id="6" stage="1" lat="1">
<core>NULL</core>
<MemPortIdVec></MemPortIdVec>
<condition id="-1">
<or_exp><and_exp></and_exp></or_exp>
</condition>

<Node id="23" bw="0" op_0_bw="0" op_1_bw="0">
<![CDATA[
.split:2 %specloopname_ln5 = specloopname void @_ssdm_op_SpecLoopName, void @empty_2

]]></Node>
<StgValue><ssdm name="specloopname_ln5"/></StgValue>
</operation>

<operation id="36" st_id="6" stage="1" lat="1">
<core>NULL</core>
<MemPortIdVec></MemPortIdVec>
<condition id="-1">
<or_exp><and_exp></and_exp></or_exp>
</condition>

<Node id="27" bw="0" op_0_bw="32" op_1_bw="32" op_2_bw="0" op_3_bw="0">
<![CDATA[
.split:6 %store_ln8 = store i32 %res_1, i32 %res

]]></Node>
<StgValue><ssdm name="store_ln8"/></StgValue>
</operation>

<operation id="37" st_id="6" stage="1" lat="1">
<core>NULL</core>
<MemPortIdVec></MemPortIdVec>
<condition id="-1">
<or_exp><and_exp></and_exp></or_exp>
</condition>

<Node id="28" bw="0" op_0_bw="0">
<![CDATA[
.split:7 %br_ln0 = br void

]]></Node>
<StgValue><ssdm name="br_ln0"/></StgValue>
</operation>
</state>
</state_list>


<ports>
<port id="57" name="in_r" dir="0" iftype="0">
<core>NULL</core><StgValue><ssdm name="in_r"/></StgValue>
</port>
</ports>


<dataflows>
<dataflow id="59" from="StgValue_58" to="res" fromId="58" toId="9">
</dataflow>
<dataflow id="60" from="StgValue_58" to="i" fromId="58" toId="10">
</dataflow>
<dataflow id="62" from="_ssdm_op_SpecBitsMap" to="specbitsmap_ln0" fromId="61" toId="11">
</dataflow>
<dataflow id="64" from="StgValue_63" to="specbitsmap_ln0" fromId="63" toId="11">
</dataflow>
<dataflow id="66" from="_ssdm_op_SpecTopModule" to="spectopmodule_ln0" fromId="65" toId="12">
</dataflow>
<dataflow id="68" from="empty_1" to="spectopmodule_ln0" fromId="67" toId="12">
</dataflow>
<dataflow id="69" from="_ssdm_op_SpecBitsMap" to="specbitsmap_ln0" fromId="61" toId="13">
</dataflow>
<dataflow id="70" from="in_r" to="specbitsmap_ln0" fromId="57" toId="13">
</dataflow>
<dataflow id="72" from="_ssdm_op_SpecInterface" to="specinterface_ln0" fromId="71" toId="14">
</dataflow>
<dataflow id="73" from="in_r" to="specinterface_ln0" fromId="57" toId="14">
</dataflow>
<dataflow id="75" from="empty" to="specinterface_ln0" fromId="74" toId="14">
</dataflow>
<dataflow id="76" from="StgValue_63" to="specinterface_ln0" fromId="63" toId="14">
</dataflow>
<dataflow id="77" from="StgValue_63" to="specinterface_ln0" fromId="63" toId="14">
</dataflow>
<dataflow id="79" from="empty_0" to="specinterface_ln0" fromId="78" toId="14">
</dataflow>
<dataflow id="80" from="StgValue_63" to="specinterface_ln0" fromId="63" toId="14">
</dataflow>
<dataflow id="81" from="StgValue_63" to="specinterface_ln0" fromId="63" toId="14">
</dataflow>
<dataflow id="82" from="empty_0" to="specinterface_ln0" fromId="78" toId="14">
</dataflow>
<dataflow id="83" from="empty_0" to="specinterface_ln0" fromId="78" toId="14">
</dataflow>
<dataflow id="84" from="empty_0" to="specinterface_ln0" fromId="78" toId="14">
</dataflow>
<dataflow id="85" from="StgValue_63" to="specinterface_ln0" fromId="63" toId="14">
</dataflow>
<dataflow id="86" from="StgValue_63" to="specinterface_ln0" fromId="63" toId="14">
</dataflow>
<dataflow id="87" from="StgValue_63" to="specinterface_ln0" fromId="63" toId="14">
</dataflow>
<dataflow id="88" from="StgValue_63" to="specinterface_ln0" fromId="63" toId="14">
</dataflow>
<dataflow id="89" from="empty_0" to="specinterface_ln0" fromId="78" toId="14">
</dataflow>
<dataflow id="90" from="empty_0" to="specinterface_ln0" fromId="78" toId="14">
</dataflow>
<dataflow id="92" from="_ssdm_op_Read.ap_auto.i16" to="in_r_read" fromId="91" toId="15">
</dataflow>
<dataflow id="93" from="in_r" to="in_r_read" fromId="57" toId="15">
</dataflow>
<dataflow id="94" from="in_r_read" to="sext_ln6" fromId="15" toId="16">
</dataflow>
<dataflow id="96" from="StgValue_95" to="store_ln6" fromId="95" toId="17">
</dataflow>
<dataflow id="97" from="i" to="store_ln6" fromId="10" toId="17">
</dataflow>
<dataflow id="98" from="StgValue_58" to="store_ln6" fromId="58" toId="18">
</dataflow>
<dataflow id="99" from="res" to="store_ln6" fromId="9" toId="18">
</dataflow>
<dataflow id="100" from="i" to="i_2" fromId="10" toId="20">
</dataflow>
<dataflow id="101" from="i_2" to="i_cast" fromId="20" toId="21">
</dataflow>
<dataflow id="103" from="_ssdm_op_SpecPipeline" to="specpipeline_ln0" fromId="102" toId="22">
</dataflow>
<dataflow id="105" from="StgValue_104" to="specpipeline_ln0" fromId="104" toId="22">
</dataflow>
<dataflow id="106" from="StgValue_63" to="specpipeline_ln0" fromId="63" toId="22">
</dataflow>
<dataflow id="107" from="StgValue_58" to="specpipeline_ln0" fromId="58" toId="22">
</dataflow>
<dataflow id="108" from="StgValue_63" to="specpipeline_ln0" fromId="63" toId="22">
</dataflow>
<dataflow id="110" from="p_str" to="specpipeline_ln0" fromId="109" toId="22">
</dataflow>
<dataflow id="111" from="i_cast" to="icmp_ln6" fromId="21" toId="23">
</dataflow>
<dataflow id="112" from="sext_ln6" to="icmp_ln6" fromId="16" toId="23">
</dataflow>
<dataflow id="114" from="_ssdm_op_SpecLoopTripCount" to="empty" fromId="113" toId="24">
</dataflow>
<dataflow id="116" from="StgValue_115" to="empty" fromId="115" toId="24">
</dataflow>
<dataflow id="118" from="StgValue_117" to="empty" fromId="117" toId="24">
</dataflow>
<dataflow id="119" from="StgValue_115" to="empty" fromId="115" toId="24">
</dataflow>
<dataflow id="120" from="icmp_ln6" to="br_ln6" fromId="23" toId="25">
</dataflow>
<dataflow id="121" from="res" to="res_load" fromId="9" toId="26">
</dataflow>
<dataflow id="122" from="i_2" to="i_cast1" fromId="20" toId="27">
</dataflow>
<dataflow id="123" from="i_cast1" to="res_1" fromId="27" toId="28">
</dataflow>
<dataflow id="124" from="res_load" to="res_1" fromId="26" toId="28">
</dataflow>
<dataflow id="125" from="i_2" to="i_3" fromId="20" toId="29">
</dataflow>
<dataflow id="126" from="StgValue_95" to="i_3" fromId="95" toId="29">
</dataflow>
<dataflow id="127" from="i_3" to="store_ln6" fromId="29" toId="30">
</dataflow>
<dataflow id="128" from="i" to="store_ln6" fromId="10" toId="30">
</dataflow>
<dataflow id="129" from="i_cast1" to="res_1" fromId="27" toId="31">
</dataflow>
<dataflow id="130" from="res_load" to="res_1" fromId="26" toId="31">
</dataflow>
<dataflow id="131" from="i_cast1" to="res_1" fromId="27" toId="32">
</dataflow>
<dataflow id="132" from="res_load" to="res_1" fromId="26" toId="32">
</dataflow>
<dataflow id="133" from="i_cast1" to="res_1" fromId="27" toId="33">
</dataflow>
<dataflow id="134" from="res_load" to="res_1" fromId="26" toId="33">
</dataflow>
<dataflow id="135" from="i_cast1" to="res_1" fromId="27" toId="34">
</dataflow>
<dataflow id="136" from="res_load" to="res_1" fromId="26" toId="34">
</dataflow>
<dataflow id="138" from="_ssdm_op_SpecLoopName" to="specloopname_ln5" fromId="137" toId="35">
</dataflow>
<dataflow id="140" from="empty_2" to="specloopname_ln5" fromId="139" toId="35">
</dataflow>
<dataflow id="141" from="res_1" to="store_ln8" fromId="34" toId="36">
</dataflow>
<dataflow id="142" from="res" to="store_ln8" fromId="9" toId="36">
</dataflow>
<dataflow id="143" from="res" to="res_load_1" fromId="9" toId="38">
</dataflow>
<dataflow id="144" from="res_load_1" to="ret_ln10" fromId="38" toId="39">
</dataflow>
<dataflow id="145" from="icmp_ln6" to="StgValue_2" fromId="23" toId="2">
</dataflow>
<dataflow id="146" from="icmp_ln6" to="StgValue_3" fromId="23" toId="3">
</dataflow>
<dataflow id="147" from="icmp_ln6" to="StgValue_4" fromId="23" toId="4">
</dataflow>
<dataflow id="148" from="icmp_ln6" to="StgValue_5" fromId="23" toId="5">
</dataflow>
<dataflow id="149" from="icmp_ln6" to="StgValue_6" fromId="23" toId="6">
</dataflow>
</dataflows>


</stg>
