<profile>

<section name = "Vitis HLS Report for 'lab2_z1'" level="0">
<item name = "Date">Tue Oct 18 14:07:08 2022
</item>
<item name = "Version">2021.2 (Build 3367213 on Tue Oct 19 02:48:09 MDT 2021)</item>
<item name = "Project">lab2_z1</item>
<item name = "Solution">solution1 (Vivado IP Flow Target)</item>
<item name = "Product family">artix7</item>
<item name = "Target device">xa7a12t-csg325-1Q</item>
</section>

<section name = "Performance Estimates" level="0">
<item name = "Timing">
<section name = "" level="1">
<item name = "Summary"><table name="" hasTotal="0">
<keys size="4">Clock, Target, Estimated, Uncertainty</keys>
<column name="ap_clk">5.00 ns, 3.990 ns, 1.00 ns</column>
</table>
</item>
</section>
</item>
<item name = "Latency">
<section name = "" level="1">
<item name = "Summary"><table name="" hasTotal="0">
<keys size="8">, min, max, min, max, min, max, Type</keys>
<column name="">2, 163837, 10.000 ns, 0.819 ms, 3, 163838, no</column>
</table>
</item>
<item name = "Detail">
<section name = "" level="1">
<item name = "Instance"><table name="" hasTotal="0">
<keys size="9">Instance, Module, min, max, min, max, min, max, Type</keys>
</table>
</item>
<item name = "Loop"><table name="" hasTotal="0">
<keys size="8">Loop Name, min, max, Latency, achieved, target, Count, Pipelined</keys>
<column name="- VITIS_LOOP_6_1">0, 163835, 6, 5, 1, 0 ~ 32767, yes</column>
</table>
</item>
</section>
</item>
</section>
</item>
</section>

<section name = "Utilization Estimates" level="0">
<item name = "Summary"><table name="" hasTotal="1">
<keys size="6">Name, BRAM_18K, DSP, FF, LUT, URAM</keys>
<column name="DSP">-, -, -, -, -</column>
<column name="Expression">-, -, 0, 40, -</column>
<column name="FIFO">-, -, -, -, -</column>
<column name="Instance">-, 2, 215, 1, -</column>
<column name="Memory">-, -, -, -, -</column>
<column name="Multiplexer">-, -, -, 114, -</column>
<column name="Register">-, -, 89, -, -</column>
<specialColumn name="Available">40, 40, 16000, 8000, 0</specialColumn>
<specialColumn name="Utilization (%)">0, 5, 1, 1, 0</specialColumn>
</table>
</item>
<item name = "Detail">
<section name = "" level="1">
<item name = "Instance"><table name="" hasTotal="1">
<keys size="7">Instance, Module, BRAM_18K, DSP, FF, LUT, URAM</keys>
<column name="mul_16ns_32s_32_5_1_U1">mul_16ns_32s_32_5_1, 0, 2, 215, 1, 0</column>
</table>
</item>
<item name = "DSP"><table name="" hasTotal="0">
<keys size="3">Instance, Module, Expression</keys>
</table>
</item>
<item name = "Memory"><table name="" hasTotal="1">
<keys size="10">Memory, Module, BRAM_18K, FF, LUT, URAM, Words, Bits, Banks, W*Bits*Banks</keys>
</table>
</item>
<item name = "FIFO"><table name="" hasTotal="1">
<keys size="8">Name, BRAM_18K, FF, LUT, URAM, Depth, Bits, Size:D*B</keys>
</table>
</item>
<item name = "Expression"><table name="" hasTotal="1">
<keys size="7">Variable Name, Operation, DSP, FF, LUT, Bitwidth P0, Bitwidth P1</keys>
<column name="i_3_fu_92_p2">+, 0, 0, 23, 16, 1</column>
<column name="ap_condition_103">and, 0, 0, 2, 1, 1</column>
<column name="icmp_ln6_fu_73_p2">icmp, 0, 0, 13, 17, 17</column>
<column name="ap_enable_pp0">xor, 0, 0, 2, 1, 2</column>
</table>
</item>
<item name = "Multiplexer"><table name="" hasTotal="1">
<keys size="5">Name, LUT, Input Size, Bits, Total Bits</keys>
<column name="ap_NS_fsm">25, 6, 1, 6</column>
<column name="ap_done_int">9, 2, 1, 2</column>
<column name="ap_enable_reg_pp0_iter0">9, 2, 1, 2</column>
<column name="ap_enable_reg_pp0_iter0_reg">9, 2, 1, 2</column>
<column name="ap_enable_reg_pp0_iter1">9, 2, 1, 2</column>
<column name="ap_sig_allocacmp_i_2">9, 2, 16, 32</column>
<column name="ap_sig_allocacmp_res_load">13, 3, 32, 96</column>
<column name="ap_sig_allocacmp_res_load_1">13, 3, 32, 96</column>
<column name="i_fu_42">9, 2, 16, 32</column>
<column name="res_fu_38">9, 2, 32, 64</column>
</table>
</item>
<item name = "Register"><table name="" hasTotal="1">
<keys size="5">Name, FF, LUT, Bits, Const Bits</keys>
<column name="ap_CS_fsm">5, 0, 5, 0</column>
<column name="ap_done_reg">1, 0, 1, 0</column>
<column name="ap_enable_reg_pp0_iter0_reg">1, 0, 1, 0</column>
<column name="ap_enable_reg_pp0_iter1">1, 0, 1, 0</column>
<column name="i_fu_42">16, 0, 16, 0</column>
<column name="icmp_ln6_reg_125">1, 0, 1, 0</column>
<column name="res_1_reg_139">32, 0, 32, 0</column>
<column name="res_fu_38">32, 0, 32, 0</column>
</table>
</item>
</section>
</item>
</section>

<section name = "Interface" level="0">
<item name = "Summary"><table name="" hasTotal="0">
<keys size="6">RTL Ports, Dir, Bits, Protocol, Source Object, C Type</keys>
<column name="ap_local_block">out, 1, ap_ctrl_hs, lab2_z1, return value</column>
<column name="ap_local_deadlock">out, 1, ap_ctrl_hs, lab2_z1, return value</column>
<column name="ap_clk">in, 1, ap_ctrl_hs, lab2_z1, return value</column>
<column name="ap_rst">in, 1, ap_ctrl_hs, lab2_z1, return value</column>
<column name="ap_start">in, 1, ap_ctrl_hs, lab2_z1, return value</column>
<column name="ap_done">out, 1, ap_ctrl_hs, lab2_z1, return value</column>
<column name="ap_idle">out, 1, ap_ctrl_hs, lab2_z1, return value</column>
<column name="ap_ready">out, 1, ap_ctrl_hs, lab2_z1, return value</column>
<column name="ap_return">out, 32, ap_ctrl_hs, lab2_z1, return value</column>
<column name="in_r">in, 16, ap_none, in_r, scalar</column>
</table>
</item>
</section>
</profile>
