<stg><name>lab3_z1</name>


<trans_list>

<trans id="31" from="1" to="2">
<condition id="-1">
<or_exp><and_exp></and_exp></or_exp>
</condition>
</trans>

<trans id="32" from="2" to="3">
<condition id="-1">
<or_exp><and_exp></and_exp></or_exp>
</condition>
</trans>

<trans id="33" from="3" to="4">
<condition id="-1">
<or_exp><and_exp></and_exp></or_exp>
</condition>
</trans>

<trans id="34" from="4" to="5">
<condition id="-1">
<or_exp><and_exp></and_exp></or_exp>
</condition>
</trans>
</trans_list>



<state_list>

<state id="1" st_id="1">

<operation id="6" st_id="1" stage="1" lat="1">
<core>NULL</core>
<MemPortIdVec></MemPortIdVec>
<condition id="-1">
<or_exp><and_exp></and_exp></or_exp>
</condition>

<Node id="16" bw="16" op_0_bw="16" op_1_bw="16">
<![CDATA[
:11 %inB_read = read i16 @_ssdm_op_Read.ap_hs.i16, i16 %inB

]]></Node>
<StgValue><ssdm name="inB_read"/></StgValue>
</operation>

<operation id="7" st_id="1" stage="1" lat="1">
<core>NULL</core>
<MemPortIdVec></MemPortIdVec>
<condition id="-1">
<or_exp><and_exp></and_exp></or_exp>
</condition>

<Node id="17" bw="16" op_0_bw="16" op_1_bw="16">
<![CDATA[
:12 %inA_read = read i16 @_ssdm_op_Read.ap_hs.i16, i16 %inA

]]></Node>
<StgValue><ssdm name="inA_read"/></StgValue>
</operation>

<operation id="8" st_id="1" stage="1" lat="1">
<core>NULL</core>
<MemPortIdVec></MemPortIdVec>
<condition id="-1">
<or_exp><and_exp></and_exp></or_exp>
</condition>

<Node id="18" bw="32" op_0_bw="16">
<![CDATA[
:13 %sext_ln6 = sext i16 %inA_read

]]></Node>
<StgValue><ssdm name="sext_ln6"/></StgValue>
</operation>

<operation id="9" st_id="1" stage="1" lat="1">
<core>NULL</core>
<MemPortIdVec></MemPortIdVec>
<condition id="-1">
<or_exp><and_exp></and_exp></or_exp>
</condition>

<Node id="19" bw="16" op_0_bw="16" op_1_bw="16">
<![CDATA[
:14 %inC_read = read i16 @_ssdm_op_Read.ap_hs.i16P0A, i16 %inC

]]></Node>
<StgValue><ssdm name="inC_read"/></StgValue>
</operation>

<operation id="10" st_id="1" stage="1" lat="1">
<core>NULL</core>
<MemPortIdVec></MemPortIdVec>
<condition id="-1">
<or_exp><and_exp></and_exp></or_exp>
</condition>

<Node id="20" bw="32" op_0_bw="16">
<![CDATA[
:15 %sext_ln6_1 = sext i16 %inC_read

]]></Node>
<StgValue><ssdm name="sext_ln6_1"/></StgValue>
</operation>

<operation id="11" st_id="1" stage="4" lat="4">
<core>DSP48</core>
<MemPortIdVec></MemPortIdVec>
<condition id="-1">
<or_exp><and_exp></and_exp></or_exp>
</condition>

<Node id="21" bw="32" op_0_bw="32" op_1_bw="32">
<![CDATA[
:16 %temp = mul i32 %sext_ln6_1, i32 %sext_ln6

]]></Node>
<StgValue><ssdm name="temp"/></StgValue>
</operation>
</state>

<state id="2" st_id="2">

<operation id="12" st_id="2" stage="3" lat="4">
<core>DSP48</core>
<MemPortIdVec></MemPortIdVec>
<condition id="-1">
<or_exp><and_exp></and_exp></or_exp>
</condition>

<Node id="21" bw="32" op_0_bw="32" op_1_bw="32">
<![CDATA[
:16 %temp = mul i32 %sext_ln6_1, i32 %sext_ln6

]]></Node>
<StgValue><ssdm name="temp"/></StgValue>
</operation>
</state>

<state id="3" st_id="3">

<operation id="13" st_id="3" stage="2" lat="4">
<core>DSP48</core>
<MemPortIdVec></MemPortIdVec>
<condition id="-1">
<or_exp><and_exp></and_exp></or_exp>
</condition>

<Node id="21" bw="32" op_0_bw="32" op_1_bw="32">
<![CDATA[
:16 %temp = mul i32 %sext_ln6_1, i32 %sext_ln6

]]></Node>
<StgValue><ssdm name="temp"/></StgValue>
</operation>
</state>

<state id="4" st_id="4">

<operation id="14" st_id="4" stage="1" lat="4">
<core>DSP48</core>
<MemPortIdVec></MemPortIdVec>
<condition id="-1">
<or_exp><and_exp></and_exp></or_exp>
</condition>

<Node id="21" bw="32" op_0_bw="32" op_1_bw="32">
<![CDATA[
:16 %temp = mul i32 %sext_ln6_1, i32 %sext_ln6

]]></Node>
<StgValue><ssdm name="temp"/></StgValue>
</operation>

<operation id="15" st_id="4" stage="1" lat="1">
<core>NULL</core>
<MemPortIdVec></MemPortIdVec>
<condition id="-1">
<or_exp><and_exp></and_exp></or_exp>
</condition>

<Node id="22" bw="32" op_0_bw="16">
<![CDATA[
:17 %sext_ln7 = sext i16 %inB_read

]]></Node>
<StgValue><ssdm name="sext_ln7"/></StgValue>
</operation>

<operation id="16" st_id="4" stage="1" lat="1">
<core>Adder</core>
<MemPortIdVec></MemPortIdVec>
<condition id="-1">
<or_exp><and_exp></and_exp></or_exp>
</condition>

<Node id="23" bw="32" op_0_bw="32" op_1_bw="32">
<![CDATA[
:18 %add_ln7 = add i32 %temp, i32 %sext_ln7

]]></Node>
<StgValue><ssdm name="add_ln7"/></StgValue>
</operation>

<operation id="17" st_id="4" stage="2" lat="2">
<core>NULL</core>
<MemPortIdVec></MemPortIdVec>
<condition id="-1">
<or_exp><and_exp></and_exp></or_exp>
</condition>

<Node id="24" bw="0" op_0_bw="0" op_1_bw="32" op_2_bw="32">
<![CDATA[
:19 %write_ln7 = write void @_ssdm_op_Write.ap_hs.i32P0A, i32 %res, i32 %add_ln7

]]></Node>
<StgValue><ssdm name="write_ln7"/></StgValue>
</operation>
</state>

<state id="5" st_id="5">

<operation id="18" st_id="5" stage="1" lat="1">
<core>NULL</core>
<MemPortIdVec></MemPortIdVec>
<condition id="-1">
<or_exp><and_exp></and_exp></or_exp>
</condition>

<Node id="5" bw="0" op_0_bw="0" op_1_bw="32">
<![CDATA[
:0 %specbitsmap_ln0 = specbitsmap void @_ssdm_op_SpecBitsMap, i32 0

]]></Node>
<StgValue><ssdm name="specbitsmap_ln0"/></StgValue>
</operation>

<operation id="19" st_id="5" stage="1" lat="1">
<core>NULL</core>
<MemPortIdVec></MemPortIdVec>
<condition id="-1">
<or_exp><and_exp></and_exp></or_exp>
</condition>

<Node id="6" bw="0" op_0_bw="0" op_1_bw="0">
<![CDATA[
:1 %spectopmodule_ln0 = spectopmodule void @_ssdm_op_SpecTopModule, void @empty_1

]]></Node>
<StgValue><ssdm name="spectopmodule_ln0"/></StgValue>
</operation>

<operation id="20" st_id="5" stage="1" lat="1">
<core>NULL</core>
<MemPortIdVec></MemPortIdVec>
<condition id="-1">
<or_exp><and_exp></and_exp></or_exp>
</condition>

<Node id="7" bw="0" op_0_bw="0" op_1_bw="32" op_2_bw="0" op_3_bw="32" op_4_bw="32" op_5_bw="0" op_6_bw="32" op_7_bw="32" op_8_bw="0" op_9_bw="0" op_10_bw="0" op_11_bw="32" op_12_bw="32" op_13_bw="32" op_14_bw="32" op_15_bw="0" op_16_bw="0">
<![CDATA[
:2 %specinterface_ln0 = specinterface void @_ssdm_op_SpecInterface, i32 0, void @empty_2, i32 0, i32 0, void @empty_0, i32 0, i32 0, void @empty_0, void @empty_0, void @empty_0, i32 0, i32 0, i32 0, i32 0, void @empty_0, void @empty_0

]]></Node>
<StgValue><ssdm name="specinterface_ln0"/></StgValue>
</operation>

<operation id="21" st_id="5" stage="1" lat="1">
<core>NULL</core>
<MemPortIdVec></MemPortIdVec>
<condition id="-1">
<or_exp><and_exp></and_exp></or_exp>
</condition>

<Node id="8" bw="0" op_0_bw="0" op_1_bw="16">
<![CDATA[
:3 %specbitsmap_ln0 = specbitsmap void @_ssdm_op_SpecBitsMap, i16 %inA

]]></Node>
<StgValue><ssdm name="specbitsmap_ln0"/></StgValue>
</operation>

<operation id="22" st_id="5" stage="1" lat="1">
<core>NULL</core>
<MemPortIdVec></MemPortIdVec>
<condition id="-1">
<or_exp><and_exp></and_exp></or_exp>
</condition>

<Node id="9" bw="0" op_0_bw="0" op_1_bw="16" op_2_bw="0" op_3_bw="32" op_4_bw="32" op_5_bw="0" op_6_bw="32" op_7_bw="32" op_8_bw="0" op_9_bw="0" op_10_bw="0" op_11_bw="32" op_12_bw="32" op_13_bw="32" op_14_bw="32" op_15_bw="0" op_16_bw="0">
<![CDATA[
:4 %specinterface_ln0 = specinterface void @_ssdm_op_SpecInterface, i16 %inA, void @empty, i32 0, i32 0, void @empty_0, i32 0, i32 0, void @empty_0, void @empty_0, void @empty_0, i32 0, i32 0, i32 0, i32 0, void @empty_0, void @empty_0

]]></Node>
<StgValue><ssdm name="specinterface_ln0"/></StgValue>
</operation>

<operation id="23" st_id="5" stage="1" lat="1">
<core>NULL</core>
<MemPortIdVec></MemPortIdVec>
<condition id="-1">
<or_exp><and_exp></and_exp></or_exp>
</condition>

<Node id="10" bw="0" op_0_bw="0" op_1_bw="16">
<![CDATA[
:5 %specbitsmap_ln0 = specbitsmap void @_ssdm_op_SpecBitsMap, i16 %inB

]]></Node>
<StgValue><ssdm name="specbitsmap_ln0"/></StgValue>
</operation>

<operation id="24" st_id="5" stage="1" lat="1">
<core>NULL</core>
<MemPortIdVec></MemPortIdVec>
<condition id="-1">
<or_exp><and_exp></and_exp></or_exp>
</condition>

<Node id="11" bw="0" op_0_bw="0" op_1_bw="16" op_2_bw="0" op_3_bw="32" op_4_bw="32" op_5_bw="0" op_6_bw="32" op_7_bw="32" op_8_bw="0" op_9_bw="0" op_10_bw="0" op_11_bw="32" op_12_bw="32" op_13_bw="32" op_14_bw="32" op_15_bw="0" op_16_bw="0">
<![CDATA[
:6 %specinterface_ln0 = specinterface void @_ssdm_op_SpecInterface, i16 %inB, void @empty, i32 0, i32 0, void @empty_0, i32 0, i32 0, void @empty_0, void @empty_0, void @empty_0, i32 0, i32 0, i32 0, i32 0, void @empty_0, void @empty_0

]]></Node>
<StgValue><ssdm name="specinterface_ln0"/></StgValue>
</operation>

<operation id="25" st_id="5" stage="1" lat="1">
<core>NULL</core>
<MemPortIdVec></MemPortIdVec>
<condition id="-1">
<or_exp><and_exp></and_exp></or_exp>
</condition>

<Node id="12" bw="0" op_0_bw="0" op_1_bw="16">
<![CDATA[
:7 %specbitsmap_ln0 = specbitsmap void @_ssdm_op_SpecBitsMap, i16 %inC

]]></Node>
<StgValue><ssdm name="specbitsmap_ln0"/></StgValue>
</operation>

<operation id="26" st_id="5" stage="1" lat="1">
<core>NULL</core>
<MemPortIdVec></MemPortIdVec>
<condition id="-1">
<or_exp><and_exp></and_exp></or_exp>
</condition>

<Node id="13" bw="0" op_0_bw="0" op_1_bw="16" op_2_bw="0" op_3_bw="32" op_4_bw="32" op_5_bw="0" op_6_bw="32" op_7_bw="32" op_8_bw="0" op_9_bw="0" op_10_bw="0" op_11_bw="32" op_12_bw="32" op_13_bw="32" op_14_bw="32" op_15_bw="0" op_16_bw="0">
<![CDATA[
:8 %specinterface_ln0 = specinterface void @_ssdm_op_SpecInterface, i16 %inC, void @empty, i32 0, i32 0, void @empty_0, i32 0, i32 0, void @empty_0, void @empty_0, void @empty_0, i32 0, i32 0, i32 0, i32 0, void @empty_0, void @empty_0

]]></Node>
<StgValue><ssdm name="specinterface_ln0"/></StgValue>
</operation>

<operation id="27" st_id="5" stage="1" lat="1">
<core>NULL</core>
<MemPortIdVec></MemPortIdVec>
<condition id="-1">
<or_exp><and_exp></and_exp></or_exp>
</condition>

<Node id="14" bw="0" op_0_bw="0" op_1_bw="32">
<![CDATA[
:9 %specbitsmap_ln0 = specbitsmap void @_ssdm_op_SpecBitsMap, i32 %res

]]></Node>
<StgValue><ssdm name="specbitsmap_ln0"/></StgValue>
</operation>

<operation id="28" st_id="5" stage="1" lat="1">
<core>NULL</core>
<MemPortIdVec></MemPortIdVec>
<condition id="-1">
<or_exp><and_exp></and_exp></or_exp>
</condition>

<Node id="15" bw="0" op_0_bw="0" op_1_bw="32" op_2_bw="0" op_3_bw="32" op_4_bw="32" op_5_bw="0" op_6_bw="32" op_7_bw="32" op_8_bw="0" op_9_bw="0" op_10_bw="0" op_11_bw="32" op_12_bw="32" op_13_bw="32" op_14_bw="32" op_15_bw="0" op_16_bw="0">
<![CDATA[
:10 %specinterface_ln0 = specinterface void @_ssdm_op_SpecInterface, i32 %res, void @empty, i32 0, i32 0, void @empty_0, i32 0, i32 0, void @empty_0, void @empty_0, void @empty_0, i32 0, i32 0, i32 0, i32 0, void @empty_0, void @empty_0

]]></Node>
<StgValue><ssdm name="specinterface_ln0"/></StgValue>
</operation>

<operation id="29" st_id="5" stage="1" lat="2">
<core>NULL</core>
<MemPortIdVec></MemPortIdVec>
<condition id="-1">
<or_exp><and_exp></and_exp></or_exp>
</condition>

<Node id="24" bw="0" op_0_bw="0" op_1_bw="32" op_2_bw="32">
<![CDATA[
:19 %write_ln7 = write void @_ssdm_op_Write.ap_hs.i32P0A, i32 %res, i32 %add_ln7

]]></Node>
<StgValue><ssdm name="write_ln7"/></StgValue>
</operation>

<operation id="30" st_id="5" stage="1" lat="1">
<core>NULL</core>
<MemPortIdVec></MemPortIdVec>
<condition id="-1">
<or_exp><and_exp></and_exp></or_exp>
</condition>

<Node id="25" bw="0" op_0_bw="32">
<![CDATA[
:20 %ret_ln8 = ret i32 %temp

]]></Node>
<StgValue><ssdm name="ret_ln8"/></StgValue>
</operation>
</state>
</state_list>


<ports>
<port id="35" name="inA" dir="0" iftype="0">
<core>NULL</core><StgValue><ssdm name="inA"/></StgValue>
</port>
<port id="36" name="inB" dir="0" iftype="0">
<core>NULL</core><StgValue><ssdm name="inB"/></StgValue>
</port>
<port id="37" name="inC" dir="0" iftype="0">
<core>NULL</core><StgValue><ssdm name="inC"/></StgValue>
</port>
<port id="38" name="res" dir="1" iftype="0">
<core>NULL</core><StgValue><ssdm name="res"/></StgValue>
</port>
</ports>


<dataflows>
<dataflow id="40" from="_ssdm_op_Read.ap_hs.i16" to="inB_read" fromId="39" toId="6">
</dataflow>
<dataflow id="41" from="inB" to="inB_read" fromId="36" toId="6">
</dataflow>
<dataflow id="42" from="_ssdm_op_Read.ap_hs.i16" to="inA_read" fromId="39" toId="7">
</dataflow>
<dataflow id="43" from="inA" to="inA_read" fromId="35" toId="7">
</dataflow>
<dataflow id="44" from="inA_read" to="sext_ln6" fromId="7" toId="8">
</dataflow>
<dataflow id="46" from="_ssdm_op_Read.ap_hs.i16P0A" to="inC_read" fromId="45" toId="9">
</dataflow>
<dataflow id="47" from="inC" to="inC_read" fromId="37" toId="9">
</dataflow>
<dataflow id="48" from="inC_read" to="sext_ln6_1" fromId="9" toId="10">
</dataflow>
<dataflow id="49" from="sext_ln6_1" to="temp" fromId="10" toId="11">
</dataflow>
<dataflow id="50" from="sext_ln6" to="temp" fromId="8" toId="11">
</dataflow>
<dataflow id="51" from="sext_ln6_1" to="temp" fromId="10" toId="12">
</dataflow>
<dataflow id="52" from="sext_ln6" to="temp" fromId="8" toId="12">
</dataflow>
<dataflow id="53" from="sext_ln6_1" to="temp" fromId="10" toId="13">
</dataflow>
<dataflow id="54" from="sext_ln6" to="temp" fromId="8" toId="13">
</dataflow>
<dataflow id="55" from="sext_ln6_1" to="temp" fromId="10" toId="14">
</dataflow>
<dataflow id="56" from="sext_ln6" to="temp" fromId="8" toId="14">
</dataflow>
<dataflow id="57" from="inB_read" to="sext_ln7" fromId="6" toId="15">
</dataflow>
<dataflow id="58" from="temp" to="add_ln7" fromId="14" toId="16">
</dataflow>
<dataflow id="59" from="sext_ln7" to="add_ln7" fromId="15" toId="16">
</dataflow>
<dataflow id="61" from="_ssdm_op_Write.ap_hs.i32P0A" to="write_ln7" fromId="60" toId="17">
</dataflow>
<dataflow id="62" from="res" to="write_ln7" fromId="38" toId="17">
</dataflow>
<dataflow id="63" from="add_ln7" to="write_ln7" fromId="16" toId="17">
</dataflow>
<dataflow id="65" from="_ssdm_op_SpecBitsMap" to="specbitsmap_ln0" fromId="64" toId="18">
</dataflow>
<dataflow id="67" from="StgValue_66" to="specbitsmap_ln0" fromId="66" toId="18">
</dataflow>
<dataflow id="69" from="_ssdm_op_SpecTopModule" to="spectopmodule_ln0" fromId="68" toId="19">
</dataflow>
<dataflow id="71" from="empty_1" to="spectopmodule_ln0" fromId="70" toId="19">
</dataflow>
<dataflow id="73" from="_ssdm_op_SpecInterface" to="specinterface_ln0" fromId="72" toId="20">
</dataflow>
<dataflow id="74" from="StgValue_66" to="specinterface_ln0" fromId="66" toId="20">
</dataflow>
<dataflow id="76" from="empty_2" to="specinterface_ln0" fromId="75" toId="20">
</dataflow>
<dataflow id="77" from="StgValue_66" to="specinterface_ln0" fromId="66" toId="20">
</dataflow>
<dataflow id="78" from="StgValue_66" to="specinterface_ln0" fromId="66" toId="20">
</dataflow>
<dataflow id="80" from="empty_0" to="specinterface_ln0" fromId="79" toId="20">
</dataflow>
<dataflow id="81" from="StgValue_66" to="specinterface_ln0" fromId="66" toId="20">
</dataflow>
<dataflow id="82" from="StgValue_66" to="specinterface_ln0" fromId="66" toId="20">
</dataflow>
<dataflow id="83" from="empty_0" to="specinterface_ln0" fromId="79" toId="20">
</dataflow>
<dataflow id="84" from="empty_0" to="specinterface_ln0" fromId="79" toId="20">
</dataflow>
<dataflow id="85" from="empty_0" to="specinterface_ln0" fromId="79" toId="20">
</dataflow>
<dataflow id="86" from="StgValue_66" to="specinterface_ln0" fromId="66" toId="20">
</dataflow>
<dataflow id="87" from="StgValue_66" to="specinterface_ln0" fromId="66" toId="20">
</dataflow>
<dataflow id="88" from="StgValue_66" to="specinterface_ln0" fromId="66" toId="20">
</dataflow>
<dataflow id="89" from="StgValue_66" to="specinterface_ln0" fromId="66" toId="20">
</dataflow>
<dataflow id="90" from="empty_0" to="specinterface_ln0" fromId="79" toId="20">
</dataflow>
<dataflow id="91" from="empty_0" to="specinterface_ln0" fromId="79" toId="20">
</dataflow>
<dataflow id="92" from="_ssdm_op_SpecBitsMap" to="specbitsmap_ln0" fromId="64" toId="21">
</dataflow>
<dataflow id="93" from="inA" to="specbitsmap_ln0" fromId="35" toId="21">
</dataflow>
<dataflow id="94" from="_ssdm_op_SpecInterface" to="specinterface_ln0" fromId="72" toId="22">
</dataflow>
<dataflow id="95" from="inA" to="specinterface_ln0" fromId="35" toId="22">
</dataflow>
<dataflow id="97" from="empty" to="specinterface_ln0" fromId="96" toId="22">
</dataflow>
<dataflow id="98" from="StgValue_66" to="specinterface_ln0" fromId="66" toId="22">
</dataflow>
<dataflow id="99" from="StgValue_66" to="specinterface_ln0" fromId="66" toId="22">
</dataflow>
<dataflow id="100" from="empty_0" to="specinterface_ln0" fromId="79" toId="22">
</dataflow>
<dataflow id="101" from="StgValue_66" to="specinterface_ln0" fromId="66" toId="22">
</dataflow>
<dataflow id="102" from="StgValue_66" to="specinterface_ln0" fromId="66" toId="22">
</dataflow>
<dataflow id="103" from="empty_0" to="specinterface_ln0" fromId="79" toId="22">
</dataflow>
<dataflow id="104" from="empty_0" to="specinterface_ln0" fromId="79" toId="22">
</dataflow>
<dataflow id="105" from="empty_0" to="specinterface_ln0" fromId="79" toId="22">
</dataflow>
<dataflow id="106" from="StgValue_66" to="specinterface_ln0" fromId="66" toId="22">
</dataflow>
<dataflow id="107" from="StgValue_66" to="specinterface_ln0" fromId="66" toId="22">
</dataflow>
<dataflow id="108" from="StgValue_66" to="specinterface_ln0" fromId="66" toId="22">
</dataflow>
<dataflow id="109" from="StgValue_66" to="specinterface_ln0" fromId="66" toId="22">
</dataflow>
<dataflow id="110" from="empty_0" to="specinterface_ln0" fromId="79" toId="22">
</dataflow>
<dataflow id="111" from="empty_0" to="specinterface_ln0" fromId="79" toId="22">
</dataflow>
<dataflow id="112" from="_ssdm_op_SpecBitsMap" to="specbitsmap_ln0" fromId="64" toId="23">
</dataflow>
<dataflow id="113" from="inB" to="specbitsmap_ln0" fromId="36" toId="23">
</dataflow>
<dataflow id="114" from="_ssdm_op_SpecInterface" to="specinterface_ln0" fromId="72" toId="24">
</dataflow>
<dataflow id="115" from="inB" to="specinterface_ln0" fromId="36" toId="24">
</dataflow>
<dataflow id="116" from="empty" to="specinterface_ln0" fromId="96" toId="24">
</dataflow>
<dataflow id="117" from="StgValue_66" to="specinterface_ln0" fromId="66" toId="24">
</dataflow>
<dataflow id="118" from="StgValue_66" to="specinterface_ln0" fromId="66" toId="24">
</dataflow>
<dataflow id="119" from="empty_0" to="specinterface_ln0" fromId="79" toId="24">
</dataflow>
<dataflow id="120" from="StgValue_66" to="specinterface_ln0" fromId="66" toId="24">
</dataflow>
<dataflow id="121" from="StgValue_66" to="specinterface_ln0" fromId="66" toId="24">
</dataflow>
<dataflow id="122" from="empty_0" to="specinterface_ln0" fromId="79" toId="24">
</dataflow>
<dataflow id="123" from="empty_0" to="specinterface_ln0" fromId="79" toId="24">
</dataflow>
<dataflow id="124" from="empty_0" to="specinterface_ln0" fromId="79" toId="24">
</dataflow>
<dataflow id="125" from="StgValue_66" to="specinterface_ln0" fromId="66" toId="24">
</dataflow>
<dataflow id="126" from="StgValue_66" to="specinterface_ln0" fromId="66" toId="24">
</dataflow>
<dataflow id="127" from="StgValue_66" to="specinterface_ln0" fromId="66" toId="24">
</dataflow>
<dataflow id="128" from="StgValue_66" to="specinterface_ln0" fromId="66" toId="24">
</dataflow>
<dataflow id="129" from="empty_0" to="specinterface_ln0" fromId="79" toId="24">
</dataflow>
<dataflow id="130" from="empty_0" to="specinterface_ln0" fromId="79" toId="24">
</dataflow>
<dataflow id="131" from="_ssdm_op_SpecBitsMap" to="specbitsmap_ln0" fromId="64" toId="25">
</dataflow>
<dataflow id="132" from="inC" to="specbitsmap_ln0" fromId="37" toId="25">
</dataflow>
<dataflow id="133" from="_ssdm_op_SpecInterface" to="specinterface_ln0" fromId="72" toId="26">
</dataflow>
<dataflow id="134" from="inC" to="specinterface_ln0" fromId="37" toId="26">
</dataflow>
<dataflow id="135" from="empty" to="specinterface_ln0" fromId="96" toId="26">
</dataflow>
<dataflow id="136" from="StgValue_66" to="specinterface_ln0" fromId="66" toId="26">
</dataflow>
<dataflow id="137" from="StgValue_66" to="specinterface_ln0" fromId="66" toId="26">
</dataflow>
<dataflow id="138" from="empty_0" to="specinterface_ln0" fromId="79" toId="26">
</dataflow>
<dataflow id="139" from="StgValue_66" to="specinterface_ln0" fromId="66" toId="26">
</dataflow>
<dataflow id="140" from="StgValue_66" to="specinterface_ln0" fromId="66" toId="26">
</dataflow>
<dataflow id="141" from="empty_0" to="specinterface_ln0" fromId="79" toId="26">
</dataflow>
<dataflow id="142" from="empty_0" to="specinterface_ln0" fromId="79" toId="26">
</dataflow>
<dataflow id="143" from="empty_0" to="specinterface_ln0" fromId="79" toId="26">
</dataflow>
<dataflow id="144" from="StgValue_66" to="specinterface_ln0" fromId="66" toId="26">
</dataflow>
<dataflow id="145" from="StgValue_66" to="specinterface_ln0" fromId="66" toId="26">
</dataflow>
<dataflow id="146" from="StgValue_66" to="specinterface_ln0" fromId="66" toId="26">
</dataflow>
<dataflow id="147" from="StgValue_66" to="specinterface_ln0" fromId="66" toId="26">
</dataflow>
<dataflow id="148" from="empty_0" to="specinterface_ln0" fromId="79" toId="26">
</dataflow>
<dataflow id="149" from="empty_0" to="specinterface_ln0" fromId="79" toId="26">
</dataflow>
<dataflow id="150" from="_ssdm_op_SpecBitsMap" to="specbitsmap_ln0" fromId="64" toId="27">
</dataflow>
<dataflow id="151" from="res" to="specbitsmap_ln0" fromId="38" toId="27">
</dataflow>
<dataflow id="152" from="_ssdm_op_SpecInterface" to="specinterface_ln0" fromId="72" toId="28">
</dataflow>
<dataflow id="153" from="res" to="specinterface_ln0" fromId="38" toId="28">
</dataflow>
<dataflow id="154" from="empty" to="specinterface_ln0" fromId="96" toId="28">
</dataflow>
<dataflow id="155" from="StgValue_66" to="specinterface_ln0" fromId="66" toId="28">
</dataflow>
<dataflow id="156" from="StgValue_66" to="specinterface_ln0" fromId="66" toId="28">
</dataflow>
<dataflow id="157" from="empty_0" to="specinterface_ln0" fromId="79" toId="28">
</dataflow>
<dataflow id="158" from="StgValue_66" to="specinterface_ln0" fromId="66" toId="28">
</dataflow>
<dataflow id="159" from="StgValue_66" to="specinterface_ln0" fromId="66" toId="28">
</dataflow>
<dataflow id="160" from="empty_0" to="specinterface_ln0" fromId="79" toId="28">
</dataflow>
<dataflow id="161" from="empty_0" to="specinterface_ln0" fromId="79" toId="28">
</dataflow>
<dataflow id="162" from="empty_0" to="specinterface_ln0" fromId="79" toId="28">
</dataflow>
<dataflow id="163" from="StgValue_66" to="specinterface_ln0" fromId="66" toId="28">
</dataflow>
<dataflow id="164" from="StgValue_66" to="specinterface_ln0" fromId="66" toId="28">
</dataflow>
<dataflow id="165" from="StgValue_66" to="specinterface_ln0" fromId="66" toId="28">
</dataflow>
<dataflow id="166" from="StgValue_66" to="specinterface_ln0" fromId="66" toId="28">
</dataflow>
<dataflow id="167" from="empty_0" to="specinterface_ln0" fromId="79" toId="28">
</dataflow>
<dataflow id="168" from="empty_0" to="specinterface_ln0" fromId="79" toId="28">
</dataflow>
<dataflow id="169" from="_ssdm_op_Write.ap_hs.i32P0A" to="write_ln7" fromId="60" toId="29">
</dataflow>
<dataflow id="170" from="res" to="write_ln7" fromId="38" toId="29">
</dataflow>
<dataflow id="171" from="add_ln7" to="write_ln7" fromId="16" toId="29">
</dataflow>
<dataflow id="172" from="temp" to="ret_ln8" fromId="14" toId="30">
</dataflow>
</dataflows>


</stg>
