<profile>

<section name = "Vitis HLS Report for 'lab3_z1'" level="0">
<item name = "Date">Sat Oct 29 00:42:17 2022
</item>
<item name = "Version">2021.2 (Build 3367213 on Tue Oct 19 02:48:09 MDT 2021)</item>
<item name = "Project">lab3_z1</item>
<item name = "Solution">sol1 (Vivado IP Flow Target)</item>
<item name = "Product family">artix7</item>
<item name = "Target device">xa7a12t-csg325-1Q</item>
</section>

<section name = "Performance Estimates" level="0">
<item name = "Timing">
<section name = "" level="1">
<item name = "Summary"><table name="" hasTotal="0">
<keys size="4">Clock, Target, Estimated, Uncertainty</keys>
<column name="ap_clk">8.00 ns, 2.702 ns, 1.00 ns</column>
</table>
</item>
</section>
</item>
<item name = "Latency">
<section name = "" level="1">
<item name = "Summary"><table name="" hasTotal="0">
<keys size="8">, min, max, min, max, min, max, Type</keys>
<column name="">3, 3, 24.000 ns, 24.000 ns, 4, 4, no</column>
</table>
</item>
<item name = "Detail">
<section name = "" level="1">
<item name = "Instance"><table name="" hasTotal="0">
<keys size="9">Instance, Module, min, max, min, max, min, max, Type</keys>
</table>
</item>
<item name = "Loop"><table name="" hasTotal="0">
<keys size="8">Loop Name, min, max, Latency, achieved, target, Count, Pipelined</keys>
</table>
</item>
</section>
</item>
</section>
</item>
</section>

<section name = "Utilization Estimates" level="0">
<item name = "Summary"><table name="" hasTotal="1">
<keys size="6">Name, BRAM_18K, DSP, FF, LUT, URAM</keys>
<column name="DSP">-, 1, -, -, -</column>
<column name="Expression">-, -, 0, 39, -</column>
<column name="FIFO">-, -, -, -, -</column>
<column name="Instance">-, -, -, -, -</column>
<column name="Memory">-, -, -, -, -</column>
<column name="Multiplexer">-, -, -, 21, -</column>
<column name="Register">-, -, 4, -, -</column>
<specialColumn name="Available">40, 40, 16000, 8000, 0</specialColumn>
<specialColumn name="Utilization (%)">0, 2, ~0, ~0, 0</specialColumn>
</table>
</item>
<item name = "Detail">
<section name = "" level="1">
<item name = "Instance"><table name="" hasTotal="1">
<keys size="7">Instance, Module, BRAM_18K, DSP, FF, LUT, URAM</keys>
</table>
</item>
<item name = "DSP"><table name="" hasTotal="0">
<keys size="3">Instance, Module, Expression</keys>
<column name="mul_mul_16s_16s_32_4_1_U1">mul_mul_16s_16s_32_4_1, i0 * i1</column>
</table>
</item>
<item name = "Memory"><table name="" hasTotal="1">
<keys size="10">Memory, Module, BRAM_18K, FF, LUT, URAM, Words, Bits, Banks, W*Bits*Banks</keys>
</table>
</item>
<item name = "FIFO"><table name="" hasTotal="1">
<keys size="8">Name, BRAM_18K, FF, LUT, URAM, Depth, Bits, Size:D*B</keys>
</table>
</item>
<item name = "Expression"><table name="" hasTotal="1">
<keys size="7">Variable Name, Operation, DSP, FF, LUT, Bitwidth P0, Bitwidth P1</keys>
<column name="res">+, 0, 0, 39, 32, 32</column>
</table>
</item>
<item name = "Multiplexer"><table name="" hasTotal="1">
<keys size="5">Name, LUT, Input Size, Bits, Total Bits</keys>
<column name="ap_NS_fsm">21, 5, 1, 5</column>
</table>
</item>
<item name = "Register"><table name="" hasTotal="1">
<keys size="5">Name, FF, LUT, Bits, Const Bits</keys>
<column name="ap_CS_fsm">4, 0, 4, 0</column>
</table>
</item>
</section>
</item>
</section>

<section name = "Interface" level="0">
<item name = "Summary"><table name="" hasTotal="0">
<keys size="6">RTL Ports, Dir, Bits, Protocol, Source Object, C Type</keys>
<column name="ap_local_block">out, 1, ap_ctrl_hs, lab3_z1, return value</column>
<column name="ap_local_deadlock">out, 1, ap_ctrl_hs, lab3_z1, return value</column>
<column name="ap_clk">in, 1, ap_ctrl_hs, lab3_z1, return value</column>
<column name="ap_rst">in, 1, ap_ctrl_hs, lab3_z1, return value</column>
<column name="ap_start">in, 1, ap_ctrl_hs, lab3_z1, return value</column>
<column name="ap_done">out, 1, ap_ctrl_hs, lab3_z1, return value</column>
<column name="ap_idle">out, 1, ap_ctrl_hs, lab3_z1, return value</column>
<column name="ap_ready">out, 1, ap_ctrl_hs, lab3_z1, return value</column>
<column name="ap_return">out, 32, ap_ctrl_hs, lab3_z1, return value</column>
<column name="inA">in, 16, ap_none, inA, scalar</column>
<column name="inB">in, 16, ap_none, inB, scalar</column>
<column name="inC">in, 16, ap_none, inC, pointer</column>
<column name="res">out, 32, ap_vld, res, pointer</column>
<column name="res_ap_vld">out, 1, ap_vld, res, pointer</column>
</table>
</item>
</section>
</profile>
