<?xml version="1.0" encoding="UTF-8"?>
<vivadoHLSLog:LogRoot xmlns:vivadoHLSLog="www.xilinx.com/vivadoHLSLog">
  <errorLogs>
    <logs>
      <synLog/>
      <simLog/>
      <mgLog/>
      <packageLog/>
      <csimLog/>
    </logs>
  </errorLogs>
  <warningLogs>
    <logs>
      <synLog>
        <logs message="WARNING: [HLS 200-880] The II Violation in module 'lab2_z1' (loop 'VITIS_LOOP_6_1'): Unable to enforce a carried dependence constraint (II = 4, distance = 1, offset = 0) between 'store' operation ('res_write_ln8', lab2_z1/source/lab2_z1.c:8) of variable 'res', lab2_z1/source/lab2_z1.c:8 on local variable 'res' and 'load' operation ('res_load', lab2_z1/source/lab2_z1.c:8) on local variable 'res'.&#xD;&#xA;Resolution: For help on HLS 200-880 see www.xilinx.com/cgi-bin/docs/rdoc?v=2021.2;t=hls+guidance;d=200-880.html" projectName="lab2_z1" solutionName="solution1" date="2022-10-18T14:07:08.729+0300" type="Warning"/>
        <logs message="WARNING: [HLS 200-880] The II Violation in module 'lab2_z1' (loop 'VITIS_LOOP_6_1'): Unable to enforce a carried dependence constraint (II = 3, distance = 1, offset = 0) between 'store' operation ('res_write_ln8', lab2_z1/source/lab2_z1.c:8) of variable 'res', lab2_z1/source/lab2_z1.c:8 on local variable 'res' and 'load' operation ('res_load', lab2_z1/source/lab2_z1.c:8) on local variable 'res'.&#xD;&#xA;Resolution: For help on HLS 200-880 see www.xilinx.com/cgi-bin/docs/rdoc?v=2021.2;t=hls+guidance;d=200-880.html" projectName="lab2_z1" solutionName="solution1" date="2022-10-18T14:07:08.721+0300" type="Warning"/>
        <logs message="WARNING: [HLS 200-880] The II Violation in module 'lab2_z1' (loop 'VITIS_LOOP_6_1'): Unable to enforce a carried dependence constraint (II = 2, distance = 1, offset = 0) between 'store' operation ('res_write_ln8', lab2_z1/source/lab2_z1.c:8) of variable 'res', lab2_z1/source/lab2_z1.c:8 on local variable 'res' and 'load' operation ('res_load', lab2_z1/source/lab2_z1.c:8) on local variable 'res'.&#xD;&#xA;Resolution: For help on HLS 200-880 see www.xilinx.com/cgi-bin/docs/rdoc?v=2021.2;t=hls+guidance;d=200-880.html" projectName="lab2_z1" solutionName="solution1" date="2022-10-18T14:07:08.714+0300" type="Warning"/>
        <logs message="WARNING: [HLS 200-880] The II Violation in module 'lab2_z1' (loop 'VITIS_LOOP_6_1'): Unable to enforce a carried dependence constraint (II = 1, distance = 1, offset = 0) between 'store' operation ('res_write_ln8', lab2_z1/source/lab2_z1.c:8) of variable 'res', lab2_z1/source/lab2_z1.c:8 on local variable 'res' and 'load' operation ('res_load', lab2_z1/source/lab2_z1.c:8) on local variable 'res'.&#xD;&#xA;Resolution: For help on HLS 200-880 see www.xilinx.com/cgi-bin/docs/rdoc?v=2021.2;t=hls+guidance;d=200-880.html" projectName="lab2_z1" solutionName="solution1" date="2022-10-18T14:07:08.705+0300" type="Warning"/>
      </synLog>
      <simLog/>
      <mgLog/>
      <packageLog/>
      <csimLog/>
    </logs>
  </warningLogs>
</vivadoHLSLog:LogRoot>
