<xilinx:hls_fe_msgs>
    <msg msg_groups="PRAGMA_VERBOSE_DUMP" msg_id="207-5471" msg_severity="WARNING" msg_loc="./source/lab2_z1.c:5:9" msg_body="HLS pragma dump">
        <args ARG_PragmaContext="directive" ARG_PragmaFunction="lab2_z1" ARG_PragmaIsValid="1" ARG_PragmaOptions="name=lab2_z1" ARG_PragmaType="top" ClangWarningOption="dump-hls-pragmas"/>
    </msg>
    <msg msg_groups="PRAGMA_VERBOSE_DUMP" msg_id="207-5471" msg_severity="WARNING" msg_loc="./source/lab2_z1.c:8:9" msg_body="HLS pragma dump">
        <args ARG_PragmaFunction="lab2_z1" ARG_PragmaIsValid="1" ARG_PragmaOptions="off" ARG_PragmaType="pipeline" ClangWarningOption="dump-hls-pragmas"/>
    </msg>
    <msg msg_groups="PRAGMA_VERBOSE_DUMP" msg_id="207-5471" msg_severity="WARNING" msg_loc="./source/lab2_z1.c:9:9" msg_body="HLS pragma dump">
        <args ARG_PragmaFunction="lab2_z1" ARG_PragmaIsValid="1" ARG_PragmaOptions="max=12" ARG_PragmaType="loop_tripcount" ClangWarningOption="dump-hls-pragmas"/>
    </msg>
</xilinx:hls_fe_msgs>

