<root versionMajor = "1" versionMinor = "5">
  <kernel src_name="lab2_z1" language="c" hwCtrl="ap_ctrl_hs" mem_layout="fpga64-xilinx-none">
    <args>
      <arg id="0" access_type="r" src_name="in" src_type="short" src_isptr="0" src_bitwidth="16" src_size_or_depth="1">
        <hw hw_usage="data" hw_interface="Register" hw_name="in_r" hw_bitwidth="16" hw_size_or_depth="1">
          <constraint constraint_type="pragma interface" mode="ap_none" register_option="0"/>
        </hw>
      </arg>
    </args>
    <return src_type="int" src_bitwidth="32" offset="0x0">
      <hw hw_usage="data" hw_interface="Register" hw_name="return" hw_bitwidth="32"/>
    </return>
  </kernel>
</root>
