{
  "Top": "lab2_z1",
  "RtlTop": "lab2_z1",
  "RtlPrefix": "",
  "RtlSubPrefix": "lab2_z1_",
  "SourceLanguage": "c",
  "HostMachineBits": "64",
  "FunctionProtocol": "ap_ctrl_hs",
  "ResetStyle": "control",
  "Target": {
    "Family": "aartix7",
    "Device": "xa7a12t",
    "Package": "-csg325",
    "Speed": "-1Q",
    "Triple": "fpga64-xilinx-none"
  },
  "Args": {"in": {
      "index": "0",
      "direction": "in",
      "srcType": "short",
      "srcSize": "16",
      "hwRefs": [{
          "type": "port",
          "interface": "in_r",
          "name": "in_r",
          "usage": "data",
          "direction": "in"
        }]
    }},
  "ReturnValue": {
    "srcType": "int",
    "srcSize": "32",
    "hwRefs": [{
        "type": "port",
        "interface": "ap_return",
        "name": "ap_return",
        "usage": "data",
        "direction": "out"
      }]
  },
  "HlsSolution": {
    "FlowTarget": "vivado",
    "DirectiveTcl": ["set_directive_top lab2_z1 -name lab2_z1"],
    "ProfileOption": "0",
    "ProfileType": "none",
    "KernelName": "lab2_z1"
  },
  "ClockInfo": {
    "ClockName": "ap_clk",
    "ClockPeriod": "40",
    "Uncertainty": "1",
    "IsCombinational": "0",
    "II": "2 ~ 14",
    "Latency": "1"
  },
  "Xdc": {"OocClocks": ["create_clock -name ap_clk -period 40.000 [get_ports ap_clk]"]},
  "Ipx": {
    "Vendor": "xilinx.com",
    "Library": "hls",
    "Name": "lab2_z1",
    "Version": "1.0",
    "DisplayName": "Lab2_z1",
    "Revision": "",
    "Description": "An IP generated by Vitis HLS",
    "Taxonomy": "\/VITIS_HLS_IP",
    "AutoFamilySupport": "",
    "ZipFile": "xilinx_com_hls_lab2_z1_1_0.zip"
  },
  "Files": {
    "CSource": ["..\/..\/source\/lab2_z1.c"],
    "Vhdl": [
      "impl\/vhdl\/lab2_z1_mul_16ns_32s_32_1_1.vhd",
      "impl\/vhdl\/lab2_z1.vhd"
    ],
    "Verilog": [
      "impl\/verilog\/lab2_z1_mul_16ns_32s_32_1_1.v",
      "impl\/verilog\/lab2_z1.v"
    ],
    "IpMisc": ["impl\/misc\/logo.png"],
    "CsynthXml": "syn\/report\/csynth.xml",
    "DebugDir": ".debug",
    "KernelXml": ".autopilot\/db\/kernel.internal.xml",
    "Xo": "",
    "XoHlsDir": "",
    "ProtoInst": [".debug\/lab2_z1.protoinst"]
  },
  "SubcoreInfo": {
    "HasXpmMemory": false,
    "HasClockedDsp": false,
    "Ip": []
  },
  "Interfaces": {
    "ap_clk": {
      "type": "clock",
      "busTypeName": "clock",
      "mode": "slave",
      "busParams": {"ASSOCIATED_RESET": "ap_rst"},
      "portMap": {"ap_clk": "CLK"},
      "ports": ["ap_clk"]
    },
    "ap_rst": {
      "type": "reset",
      "busTypeName": "reset",
      "mode": "slave",
      "busParams": {"POLARITY": "ACTIVE_HIGH"},
      "portMap": {"ap_rst": "RST"},
      "ports": ["ap_rst"]
    },
    "ap_ctrl": {
      "type": "ap_ctrl",
      "busTypeName": "acc_handshake",
      "mode": "slave",
      "portMap": {
        "ap_start": "start",
        "ap_done": "done",
        "ap_idle": "idle",
        "ap_ready": "ready"
      },
      "ports": [
        "ap_done",
        "ap_idle",
        "ap_ready",
        "ap_start"
      ]
    },
    "ap_return": {
      "type": "data",
      "busTypeName": "data",
      "protocol": "ap_ctrl_hs",
      "mode": "master",
      "dataWidth": "32",
      "portMap": {"ap_return": "DATA"},
      "ports": ["ap_return"]
    },
    "in_r": {
      "type": "data",
      "busTypeName": "data",
      "protocol": "ap_none",
      "mode": "slave",
      "dataWidth": "16",
      "portMap": {"in_r": "DATA"},
      "ports": ["in_r"],
      "constraints": [{
          "constraint_type": "pragma interface",
          "mode": "ap_none",
          "register_option": "0",
          "argName": "in"
        }]
    }
  },
  "RtlPorts": {
    "ap_local_block": {
      "dir": "out",
      "width": "1",
      "isVector": "true"
    },
    "ap_local_deadlock": {
      "dir": "out",
      "width": "1",
      "isVector": "true"
    },
    "ap_clk": {
      "dir": "in",
      "width": "1"
    },
    "ap_rst": {
      "dir": "in",
      "width": "1"
    },
    "ap_start": {
      "dir": "in",
      "width": "1"
    },
    "ap_done": {
      "dir": "out",
      "width": "1"
    },
    "ap_idle": {
      "dir": "out",
      "width": "1"
    },
    "ap_ready": {
      "dir": "out",
      "width": "1"
    },
    "ap_return": {
      "dir": "out",
      "width": "32"
    },
    "in_r": {
      "dir": "in",
      "width": "16"
    }
  },
  "ModuleInfo": {
    "Hierarchy": {"ModuleName": "lab2_z1"},
    "Info": {"lab2_z1": {
        "FunctionProtocol": "ap_ctrl_hs",
        "isTaskLevelControl": "0",
        "isPipelined": "0",
        "isCombinational": "0",
        "isOneStateSeq": "0"
      }},
    "Metrics": {"lab2_z1": {
        "Latency": {
          "LatencyBest": "1",
          "LatencyAvg": "7",
          "LatencyWorst": "13",
          "PipelineIIMin": "2",
          "PipelineIIMax": "14",
          "PipelineII": "2 ~ 14",
          "PipelineDepth": "",
          "PipelineType": "no"
        },
        "Timing": {
          "Target": "40.00",
          "Uncertainty": "1.00",
          "Estimate": "10.080"
        },
        "Loops": [{
            "Name": "VITIS_LOOP_6_1",
            "TripCount": "",
            "LatencyMin": "0",
            "LatencyMax": "12",
            "Latency": "0 ~ 12",
            "PipelineII": "",
            "PipelineDepth": "1"
          }],
        "Area": {
          "DSP": "2",
          "AVAIL_DSP": "40",
          "UTIL_DSP": "5",
          "FF": "67",
          "AVAIL_FF": "16000",
          "UTIL_FF": "~0",
          "LUT": "88",
          "AVAIL_LUT": "8000",
          "UTIL_LUT": "1",
          "BRAM_18K": "0",
          "AVAIL_BRAM": "40",
          "UTIL_BRAM": "0",
          "URAM": "0",
          "AVAIL_URAM": "0",
          "UTIL_URAM": "0"
        }
      }}
  },
  "GenerateBdFiles": "0",
  "GenData": {
    "DataVersion": "0.2",
    "Time": "2022-10-18 15:48:48 +0300",
    "ToolName": "vitis_hls",
    "ToolVersion": "2021.2"
  }
}
