<stg><name>lab2_z0</name>


<trans_list>

<trans id="38" from="1" to="2">
<condition id="-1">
<or_exp><and_exp></and_exp></or_exp>
</condition>
</trans>

<trans id="39" from="2" to="3">
<condition id="-1">
<or_exp><and_exp><literal name="icmp_ln7" val="0"/>
</and_exp></or_exp>
</condition>
</trans>

<trans id="41" from="3" to="4">
<condition id="-1">
<or_exp><and_exp></and_exp></or_exp>
</condition>
</trans>

<trans id="42" from="4" to="5">
<condition id="-1">
<or_exp><and_exp></and_exp></or_exp>
</condition>
</trans>

<trans id="43" from="5" to="2">
<condition id="-1">
<or_exp><and_exp></and_exp></or_exp>
</condition>
</trans>
</trans_list>



<state_list>

<state id="1" st_id="1">

<operation id="6" st_id="1" stage="1" lat="1">
<core>NULL</core>
<MemPortIdVec></MemPortIdVec>
<condition id="-1">
<or_exp><and_exp></and_exp></or_exp>
</condition>

<Node id="4" bw="2" op_0_bw="32">
<![CDATA[
:0 %i = alloca i32 1

]]></Node>
<StgValue><ssdm name="i"/></StgValue>
</operation>

<operation id="7" st_id="1" stage="1" lat="1">
<core>NULL</core>
<MemPortIdVec></MemPortIdVec>
<condition id="-1">
<or_exp><and_exp></and_exp></or_exp>
</condition>

<Node id="5" bw="0" op_0_bw="0" op_1_bw="0">
<![CDATA[
:1 %spectopmodule_ln0 = spectopmodule void @_ssdm_op_SpecTopModule, void @empty_1

]]></Node>
<StgValue><ssdm name="spectopmodule_ln0"/></StgValue>
</operation>

<operation id="8" st_id="1" stage="1" lat="1">
<core>NULL</core>
<MemPortIdVec></MemPortIdVec>
<condition id="-1">
<or_exp><and_exp></and_exp></or_exp>
</condition>

<Node id="6" bw="0" op_0_bw="0" op_1_bw="16" op_2_bw="0" op_3_bw="32" op_4_bw="32" op_5_bw="0" op_6_bw="32" op_7_bw="32" op_8_bw="0" op_9_bw="0" op_10_bw="0" op_11_bw="32" op_12_bw="32" op_13_bw="32" op_14_bw="32" op_15_bw="0" op_16_bw="0">
<![CDATA[
:2 %specinterface_ln0 = specinterface void @_ssdm_op_SpecInterface, i16 %in_a, void @empty, i32 0, i32 0, void @empty_0, i32 4294967295, i32 0, void @empty_0, void @empty_0, void @empty_0, i32 0, i32 0, i32 0, i32 0, void @empty_0, void @empty_0

]]></Node>
<StgValue><ssdm name="specinterface_ln0"/></StgValue>
</operation>

<operation id="9" st_id="1" stage="1" lat="1">
<core>NULL</core>
<MemPortIdVec></MemPortIdVec>
<condition id="-1">
<or_exp><and_exp></and_exp></or_exp>
</condition>

<Node id="7" bw="0" op_0_bw="0" op_1_bw="16">
<![CDATA[
:3 %specbitsmap_ln0 = specbitsmap void @_ssdm_op_SpecBitsMap, i16 %in_a

]]></Node>
<StgValue><ssdm name="specbitsmap_ln0"/></StgValue>
</operation>

<operation id="10" st_id="1" stage="1" lat="1">
<core>NULL</core>
<MemPortIdVec></MemPortIdVec>
<condition id="-1">
<or_exp><and_exp></and_exp></or_exp>
</condition>

<Node id="8" bw="0" op_0_bw="0" op_1_bw="16" op_2_bw="0" op_3_bw="32" op_4_bw="32" op_5_bw="0" op_6_bw="32" op_7_bw="32" op_8_bw="0" op_9_bw="0" op_10_bw="0" op_11_bw="32" op_12_bw="32" op_13_bw="32" op_14_bw="32" op_15_bw="0" op_16_bw="0">
<![CDATA[
:4 %specinterface_ln0 = specinterface void @_ssdm_op_SpecInterface, i16 %in_b, void @empty, i32 0, i32 0, void @empty_0, i32 4294967295, i32 0, void @empty_0, void @empty_0, void @empty_0, i32 0, i32 0, i32 0, i32 0, void @empty_0, void @empty_0

]]></Node>
<StgValue><ssdm name="specinterface_ln0"/></StgValue>
</operation>

<operation id="11" st_id="1" stage="1" lat="1">
<core>NULL</core>
<MemPortIdVec></MemPortIdVec>
<condition id="-1">
<or_exp><and_exp></and_exp></or_exp>
</condition>

<Node id="9" bw="0" op_0_bw="0" op_1_bw="16">
<![CDATA[
:5 %specbitsmap_ln0 = specbitsmap void @_ssdm_op_SpecBitsMap, i16 %in_b

]]></Node>
<StgValue><ssdm name="specbitsmap_ln0"/></StgValue>
</operation>

<operation id="12" st_id="1" stage="1" lat="1">
<core>NULL</core>
<MemPortIdVec></MemPortIdVec>
<condition id="-1">
<or_exp><and_exp></and_exp></or_exp>
</condition>

<Node id="10" bw="0" op_0_bw="0" op_1_bw="32" op_2_bw="0" op_3_bw="32" op_4_bw="32" op_5_bw="0" op_6_bw="32" op_7_bw="32" op_8_bw="0" op_9_bw="0" op_10_bw="0" op_11_bw="32" op_12_bw="32" op_13_bw="32" op_14_bw="32" op_15_bw="0" op_16_bw="0">
<![CDATA[
:6 %specinterface_ln0 = specinterface void @_ssdm_op_SpecInterface, i32 %res, void @empty, i32 0, i32 0, void @empty_0, i32 4294967295, i32 0, void @empty_0, void @empty_0, void @empty_0, i32 0, i32 0, i32 0, i32 0, void @empty_0, void @empty_0

]]></Node>
<StgValue><ssdm name="specinterface_ln0"/></StgValue>
</operation>

<operation id="13" st_id="1" stage="1" lat="1">
<core>NULL</core>
<MemPortIdVec></MemPortIdVec>
<condition id="-1">
<or_exp><and_exp></and_exp></or_exp>
</condition>

<Node id="11" bw="0" op_0_bw="0" op_1_bw="32">
<![CDATA[
:7 %specbitsmap_ln0 = specbitsmap void @_ssdm_op_SpecBitsMap, i32 %res

]]></Node>
<StgValue><ssdm name="specbitsmap_ln0"/></StgValue>
</operation>

<operation id="14" st_id="1" stage="1" lat="1">
<core>NULL</core>
<MemPortIdVec></MemPortIdVec>
<condition id="-1">
<or_exp><and_exp></and_exp></or_exp>
</condition>

<Node id="12" bw="0" op_0_bw="2" op_1_bw="2">
<![CDATA[
:8 %store_ln7 = store i2 0, i2 %i

]]></Node>
<StgValue><ssdm name="store_ln7"/></StgValue>
</operation>

<operation id="15" st_id="1" stage="1" lat="1">
<core>NULL</core>
<MemPortIdVec></MemPortIdVec>
<condition id="-1">
<or_exp><and_exp></and_exp></or_exp>
</condition>

<Node id="13" bw="0" op_0_bw="0">
<![CDATA[
:9 %br_ln7 = br void

]]></Node>
<StgValue><ssdm name="br_ln7"/></StgValue>
</operation>
</state>

<state id="2" st_id="2">

<operation id="16" st_id="2" stage="1" lat="1">
<core>NULL</core>
<MemPortIdVec></MemPortIdVec>
<condition id="-1">
<or_exp><and_exp></and_exp></or_exp>
</condition>

<Node id="15" bw="2" op_0_bw="2" op_1_bw="0">
<![CDATA[
:0 %i_1 = load i2 %i

]]></Node>
<StgValue><ssdm name="i_1"/></StgValue>
</operation>

<operation id="17" st_id="2" stage="1" lat="1">
<core>NULL</core>
<MemPortIdVec></MemPortIdVec>
<condition id="-1">
<or_exp><and_exp></and_exp></or_exp>
</condition>

<Node id="16" bw="64" op_0_bw="2">
<![CDATA[
:1 %zext_ln7 = zext i2 %i_1

]]></Node>
<StgValue><ssdm name="zext_ln7"/></StgValue>
</operation>

<operation id="18" st_id="2" stage="1" lat="1">
<core>Cmp</core>
<MemPortIdVec></MemPortIdVec>
<condition id="-1">
<or_exp><and_exp></and_exp></or_exp>
</condition>

<Node id="17" bw="1" op_0_bw="2" op_1_bw="2">
<![CDATA[
:2 %icmp_ln7 = icmp_eq  i2 %i_1, i2 3

]]></Node>
<StgValue><ssdm name="icmp_ln7"/></StgValue>
</operation>

<operation id="19" st_id="2" stage="1" lat="1">
<core>NULL</core>
<MemPortIdVec></MemPortIdVec>
<condition id="-1">
<or_exp><and_exp></and_exp></or_exp>
</condition>

<Node id="18" bw="32" op_0_bw="32" op_1_bw="64" op_2_bw="64" op_3_bw="64">
<![CDATA[
:3 %empty = speclooptripcount i32 @_ssdm_op_SpecLoopTripCount, i64 3, i64 3, i64 3

]]></Node>
<StgValue><ssdm name="empty"/></StgValue>
</operation>

<operation id="20" st_id="2" stage="1" lat="1">
<core>Adder</core>
<MemPortIdVec></MemPortIdVec>
<condition id="-1">
<or_exp><and_exp></and_exp></or_exp>
</condition>

<Node id="19" bw="2" op_0_bw="2" op_1_bw="2">
<![CDATA[
:4 %add_ln7 = add i2 %i_1, i2 1

]]></Node>
<StgValue><ssdm name="add_ln7"/></StgValue>
</operation>

<operation id="21" st_id="2" stage="1" lat="1">
<core>NULL</core>
<MemPortIdVec></MemPortIdVec>
<condition id="-1">
<or_exp><and_exp></and_exp></or_exp>
</condition>

<Node id="20" bw="0" op_0_bw="1" op_1_bw="0" op_2_bw="0">
<![CDATA[
:5 %br_ln7 = br i1 %icmp_ln7, void %.split, void

]]></Node>
<StgValue><ssdm name="br_ln7"/></StgValue>
</operation>

<operation id="22" st_id="2" stage="1" lat="1">
<core>NULL</core>
<MemPortIdVec></MemPortIdVec>
<condition id="-1">
<or_exp><and_exp><literal name="icmp_ln7" val="0"/>
</and_exp></or_exp>
</condition>

<Node id="23" bw="2" op_0_bw="16" op_1_bw="64" op_2_bw="64">
<![CDATA[
.split:1 %in_a_addr = getelementptr i16 %in_a, i64 0, i64 %zext_ln7

]]></Node>
<StgValue><ssdm name="in_a_addr"/></StgValue>
</operation>

<operation id="23" st_id="2" stage="2" lat="2">
<core>RAM</core>
<MemPortIdVec></MemPortIdVec>
<condition id="-1">
<or_exp><and_exp><literal name="icmp_ln7" val="0"/>
</and_exp></or_exp>
</condition>

<Node id="24" bw="16" op_0_bw="2">
<![CDATA[
.split:2 %tmp_a = load i2 %in_a_addr

]]></Node>
<StgValue><ssdm name="tmp_a"/></StgValue>
</operation>

<operation id="24" st_id="2" stage="1" lat="1">
<core>NULL</core>
<MemPortIdVec></MemPortIdVec>
<condition id="-1">
<or_exp><and_exp><literal name="icmp_ln7" val="0"/>
</and_exp></or_exp>
</condition>

<Node id="25" bw="2" op_0_bw="16" op_1_bw="64" op_2_bw="64">
<![CDATA[
.split:3 %in_b_addr = getelementptr i16 %in_b, i64 0, i64 %zext_ln7

]]></Node>
<StgValue><ssdm name="in_b_addr"/></StgValue>
</operation>

<operation id="25" st_id="2" stage="2" lat="2">
<core>RAM</core>
<MemPortIdVec></MemPortIdVec>
<condition id="-1">
<or_exp><and_exp><literal name="icmp_ln7" val="0"/>
</and_exp></or_exp>
</condition>

<Node id="26" bw="16" op_0_bw="2">
<![CDATA[
.split:4 %tmp_b = load i2 %in_b_addr

]]></Node>
<StgValue><ssdm name="tmp_b"/></StgValue>
</operation>

<operation id="26" st_id="2" stage="1" lat="1">
<core>NULL</core>
<MemPortIdVec></MemPortIdVec>
<condition id="-1">
<or_exp><and_exp><literal name="icmp_ln7" val="0"/>
</and_exp></or_exp>
</condition>

<Node id="33" bw="0" op_0_bw="2" op_1_bw="2" op_2_bw="0" op_3_bw="0">
<![CDATA[
.split:11 %store_ln7 = store i2 %add_ln7, i2 %i

]]></Node>
<StgValue><ssdm name="store_ln7"/></StgValue>
</operation>

<operation id="27" st_id="2" stage="1" lat="1">
<core>NULL</core>
<MemPortIdVec></MemPortIdVec>
<condition id="-1">
<or_exp><and_exp><literal name="icmp_ln7" val="1"/>
</and_exp></or_exp>
</condition>

<Node id="36" bw="0">
<![CDATA[
:0 %ret_ln17 = ret

]]></Node>
<StgValue><ssdm name="ret_ln17"/></StgValue>
</operation>
</state>

<state id="3" st_id="3">

<operation id="28" st_id="3" stage="1" lat="2">
<core>RAM</core>
<MemPortIdVec></MemPortIdVec>
<condition id="-1">
<or_exp><and_exp></and_exp></or_exp>
</condition>

<Node id="24" bw="16" op_0_bw="2">
<![CDATA[
.split:2 %tmp_a = load i2 %in_a_addr

]]></Node>
<StgValue><ssdm name="tmp_a"/></StgValue>
</operation>

<operation id="29" st_id="3" stage="1" lat="2">
<core>RAM</core>
<MemPortIdVec></MemPortIdVec>
<condition id="-1">
<or_exp><and_exp></and_exp></or_exp>
</condition>

<Node id="26" bw="16" op_0_bw="2">
<![CDATA[
.split:4 %tmp_b = load i2 %in_b_addr

]]></Node>
<StgValue><ssdm name="tmp_b"/></StgValue>
</operation>
</state>

<state id="4" st_id="4">

<operation id="30" st_id="4" stage="1" lat="1">
<core>NULL</core>
<MemPortIdVec></MemPortIdVec>
<condition id="-1">
<or_exp><and_exp></and_exp></or_exp>
</condition>

<Node id="27" bw="17" op_0_bw="16">
<![CDATA[
.split:5 %sext_ln13 = sext i16 %tmp_a

]]></Node>
<StgValue><ssdm name="sext_ln13"/></StgValue>
</operation>

<operation id="31" st_id="4" stage="1" lat="1">
<core>NULL</core>
<MemPortIdVec></MemPortIdVec>
<condition id="-1">
<or_exp><and_exp></and_exp></or_exp>
</condition>

<Node id="28" bw="17" op_0_bw="16">
<![CDATA[
.split:6 %sext_ln13_1 = sext i16 %tmp_b

]]></Node>
<StgValue><ssdm name="sext_ln13_1"/></StgValue>
</operation>

<operation id="32" st_id="4" stage="1" lat="1">
<core>Adder</core>
<MemPortIdVec></MemPortIdVec>
<condition id="-1">
<or_exp><and_exp></and_exp></or_exp>
</condition>

<Node id="29" bw="17" op_0_bw="17" op_1_bw="17">
<![CDATA[
.split:7 %tmp_res = add i17 %sext_ln13_1, i17 %sext_ln13

]]></Node>
<StgValue><ssdm name="tmp_res"/></StgValue>
</operation>
</state>

<state id="5" st_id="5">

<operation id="33" st_id="5" stage="1" lat="1">
<core>NULL</core>
<MemPortIdVec></MemPortIdVec>
<condition id="-1">
<or_exp><and_exp></and_exp></or_exp>
</condition>

<Node id="22" bw="0" op_0_bw="0" op_1_bw="0">
<![CDATA[
.split:0 %specloopname_ln7 = specloopname void @_ssdm_op_SpecLoopName, void @empty_2

]]></Node>
<StgValue><ssdm name="specloopname_ln7"/></StgValue>
</operation>

<operation id="34" st_id="5" stage="1" lat="1">
<core>NULL</core>
<MemPortIdVec></MemPortIdVec>
<condition id="-1">
<or_exp><and_exp></and_exp></or_exp>
</condition>

<Node id="30" bw="32" op_0_bw="17">
<![CDATA[
.split:8 %sext_ln6 = sext i17 %tmp_res

]]></Node>
<StgValue><ssdm name="sext_ln6"/></StgValue>
</operation>

<operation id="35" st_id="5" stage="1" lat="1">
<core>NULL</core>
<MemPortIdVec></MemPortIdVec>
<condition id="-1">
<or_exp><and_exp></and_exp></or_exp>
</condition>

<Node id="31" bw="2" op_0_bw="32" op_1_bw="64" op_2_bw="64">
<![CDATA[
.split:9 %res_addr = getelementptr i32 %res, i64 0, i64 %zext_ln7

]]></Node>
<StgValue><ssdm name="res_addr"/></StgValue>
</operation>

<operation id="36" st_id="5" stage="1" lat="1">
<core>RAM</core>
<MemPortIdVec></MemPortIdVec>
<condition id="-1">
<or_exp><and_exp></and_exp></or_exp>
</condition>

<Node id="32" bw="0" op_0_bw="32" op_1_bw="2">
<![CDATA[
.split:10 %store_ln15 = store i32 %sext_ln6, i2 %res_addr

]]></Node>
<StgValue><ssdm name="store_ln15"/></StgValue>
</operation>

<operation id="37" st_id="5" stage="1" lat="1">
<core>NULL</core>
<MemPortIdVec></MemPortIdVec>
<condition id="-1">
<or_exp><and_exp></and_exp></or_exp>
</condition>

<Node id="34" bw="0" op_0_bw="0">
<![CDATA[
.split:12 %br_ln0 = br void

]]></Node>
<StgValue><ssdm name="br_ln0"/></StgValue>
</operation>
</state>
</state_list>


<ports>
</ports>


<dataflows>
</dataflows>


</stg>
